ID,bird_ID,AST,BA,CK,UA,GLU,CA,PHOS,TP,ALB,GLOB,K,NA
1,1,207,0,1255,2.1,201,9,4.2,2.4,1.4,1,3.6,145
2,2,194,0,1800,2.6,239,8.9,3.8,2.2,1.3,0.9,3.1,141
3,3,194,0,727,1.7,229,9.1,4.2,2.9,1.8,1.1,3.4,140
4,4,234,2,1121,1.1,232,9.2,3.5,2.5,1.6,0.9,3.9,144
5,5,192,0,1468,2.2,229,9.1,4.4,2.5,1.5,1,3.6,147
6,6,201,0,729,2.4,214,9.2,2.5,2.7,1.6,1.1,3.6,146
7,7,189,0,1708,2.1,254,9.2,3.6,2.3,1.4,0.9,2.9,142
8,8,172,0,790,3.3,239,9.1,2.6,2.7,1.7,1,3.4,147
9,9,197,4,1217,3.4,246,9.3,3.8,2.3,1.6,0.7,3.7,149
10,10,219,0,1588,2.6,258,10.1,3.9,2.5,1.8,0.7,3.8,151
11,11,224,0,1615,2.6,254,9.8,3.7,2.5,1.8,0.7,3.8,149
12,12,155,0,605,2.3,264,8.8,2.9,2.5,1.5,1,3.5,145
13,13,250,5,898,2.6,261,9.7,2.9,2.7,1.6,1.1,2.8,147
14,14,156,14,648,1.2,232,9.1,4.2,2.4,1.3,1.1,2.3,135
15,15,155,0,1111,2.4,233,9.4,3.7,2,1.2,0.9,2.5,138
16,16,196,0,851,3.5,248,9.5,3.9,2.8,1.7,1,2.9,140
17,17,184,0,1053,2.3,232,9.8,2.7,2.2,1.2,1,3.1,148
18,18,217,0,1078,7.2,253,9.9,2.9,2.7,1.5,1.2,3.2,149
19,19,193,1,1110,1.9,238,9.3,4.7,2.6,1.6,1.1,2.6,139
20,20,232,0,1175,5.3,229,9.6,3.6,2.4,1.2,1.2,3.6,145
21,21,235,3,1031,5.4,319,9.3,6,2.7,1.5,1.2,3.3,140
22,22,183,0,592,2.1,203,9.8,3,3.6,1,2.6,3.3,146
23,23,195,0,674,1.4,208,9.8,4.7,2.9,1.3,1.6,3.1,144
24,24,195,0,751,2,215,9.5,3.8,2.8,1.4,1.5,3.2,143
25,25,215,0,690,2.2,172,8.6,2.2,3,1.3,1.7,3.3,150
26,26,171,23,523,6.2,285,10.6,7,2.6,1.7,0.9,5.5,144
27,27,183,0,747,3.4,238,10.3,4.1,2.8,1.5,1.3,2.8,149
28,28,231,5,763,2.7,201,9.3,2.9,2.8,1.2,1.6,3.9,145
29,29,212,0,563,2.1,182,8.9,4.1,2.9,1.4,1.4,4.6,148
30,30,200,0,565,2.2,237,10.6,3.1,3.2,1.6,1.6,3.4,146
31,31,212,0,569,8.3,355,9.6,5.2,2.9,1.8,1,3.4,142
32,32,266,13,494,2.7,222,10.1,3.8,2.9,1.4,1.5,2.6,142
33,33,173,9,462,1.3,191,8.9,4.7,2.6,1.2,1.4,3,145
34,34,192,0,1020,1.1,226,10.2,5.4,2.7,1.7,1.1,2.6,139
35,35,228,0,1572,1.5,223,9.8,4.7,3,1.7,1.3,3.1,144
36,36,202,0,803,2.9,226,10,4.2,3,1.5,1.5,3.2,143
37,37,192,0,454,2.6,219,10.5,5.2,3.2,1.7,1.5,2.8,141
38,38,174,0,769,2.3,228,9.9,4.2,2.8,1.4,1.4,2.8,148
39,39,164,0,490,3.2,237,9.8,3.4,2.7,1.4,1.3,3.1,139
40,40,198,0,761,7.5,299,9.7,5,2.8,1.6,1.2,3,142
41,41,239,46,203,3.6,314,11.4,7.1,3,1.8,1.2,5.7,142
42,42,190,7,324,7.1,257,10.6,4.7,3,1.6,1.4,4.7,140
43,43,186,28,255,2.2,238,10.7,6.8,3,1.5,1.5,4.9,142
44,44,203,1,372,2.1,254,10.7,5.4,3,1.4,1.7,5,138
45,45,149,26,344,5.5,291,10.1,7.3,2.5,1.2,1.3,5.3,145
46,46,176,34,349,8.7,228,8.9,5,2.5,1.2,1.3,4.4,145
47,47,188,15,359,3,236,9.8,5,2.6,1.3,1.3,4.9,142
48,48,202,33,304,4.4,279,11.1,7.6,2.9,1.5,1.4,5.2,145
49,49,184,20,397,4.5,336,10.5,5.7,3.1,1.6,1.6,5.7,145
50,50,185,38,460,4.3,266,10.8,7.1,3,1.6,1.4,5.2,142
51,51,194,11,329,3.5,258,10.7,4.9,3.1,1.4,1.7,4.4,142
52,52,184,30,148,3.1,252,10.8,7.3,3,1.7,1.3,4.4,144
53,53,179,28,337,4.4,276,10.6,5.3,2.8,1.4,1.3,4.7,145
54,54,188,39,448,9,295,10.1,6.7,2.7,1.2,1.5,5.1,148
55,55,168,35,263,4.4,320,10.3,7,2.7,1.3,1.4,4.4,143
56,56,233,49,957,4.7,282,11.1,8.1,2.7,1.3,1.3,4.8,143
57,57,170,79,241,4.4,319,10.9,7.9,2.5,1.4,1.1,5.1,141
58,58,242,10,536,7.1,337,9.8,6.3,3.1,1.6,1.5,4.5,142
59,59,208,0,359,2,226,9.5,2.8,3.3,1.8,1.4,3.2,130
60,60,276,96,178,6,293,10.4,7,2.6,1.3,1.3,4.8,141
61,61,189,26,312,6,250,10.1,5.3,3.3,1.7,1.7,5.5,140
62,62,149,20,329,2.7,283,11.4,7.8,3.2,1.6,1.6,4.9,142
63,63,173,20,233,6.2,273,10.8,7.1,2.9,1.5,1.4,5.3,141
64,64,238,39,729,8.9,254,10.1,6.5,2.9,1.4,1.5,5.3,145
65,65,149,51,286,6.1,283,10.5,6.8,2.5,1.4,1,5.6,143
66,66,202,5,334,3.9,292,10.4,6.3,2.8,1.4,1.5,4.3,136
67,67,165,45,213,3,245,10.4,6.8,2.7,1.4,1.3,5.2,142
68,68,217,36,302,8.6,277,10.2,7.4,3.1,1.6,1.5,6.3,140
69,69,175,20,220,5.7,265,10.4,6.4,2.9,1.4,1.5,5,142
70,70,189,13,312,5.7,265,10.9,5.5,2.9,1.4,1.6,4.5,142
71,71,185,16,269,3,262,9.6,5.9,2.7,1.1,1.5,5,144
72,72,158,27,219,1.6,246,9.5,5.2,2.7,1.3,1.4,4.5,142
73,73,203,10,282,6.9,272,10.6,5.5,3,1.4,1.6,4.1,141
74,74,190,34,419,3.9,239,9.5,2.5,2.6,1.1,1.5,5.9,145
75,75,180,29,338,10,277,10.7,7.5,3,1.2,1.8,6.4,147
76,76,224,45,471,7.7,267,10.6,3.3,3,1.4,1.7,6.1,144
77,77,239,19,216,3.8,242,10.3,6,3,1.2,1.7,5.4,143
78,78,253,30,367,3.7,241,9.4,3.7,3.6,1.4,2.2,7.8,143
79,80,149,16,316,2.2,240,9.2,5.7,2.6,1.2,1.5,4.9,145
80,81,233,37,489,9.3,526,10.8,5.4,2.9,1.9,1,6.5,158
81,82,161,25,290,6.2,243,9.4,6.9,2.5,1.2,1.3,5.3,143
82,83,164,4,191,2.5,279,10.2,4.8,2.7,1.2,1.5,4.6,143
83,84,143,20,360,7.4,283,10.9,7.6,3.1,1.5,1.7,5.9,143
84,85,136,22,226,4,309,11,8.2,2.4,1.5,0.9,4.8,145
85,86,197,10,328,4.1,285,11.3,9.4,3.2,2,1.2,5.8,143
86,87,243,57,226,3.4,263,11.2,9.2,3.2,1.5,1.7,5.4,146
87,88,153,20,314,6.1,239,10.7,5.5,3.1,1.7,1.4,5.7,141
88,89,135,25,408,5.6,454,11.5,9,2.8,1.8,1,5.1,143
89,90,139,24,184,3.1,286,11.6,6.6,2.8,1.9,0.9,5.1,143
90,91,152,28,208,9.3,264,11.4,7.2,3.2,1.8,1.4,6.6,146
91,92,222,91,151,9.5,298,12,8.8,2.9,1.7,1.2,5.2,147
92,93,214,0,233,6.1,275,11.3,6.9,3.1,1.7,1.5,5.6,142
93,94,146,10,141,3.5,288,10.3,6.4,2.7,1.1,1.6,5.5,141
94,95,156,29,643,2.2,271,10.6,5.6,2.8,1.4,1.5,4.5,141
95,96,156,72,181,9.1,281,10.7,7.3,2.7,1.2,1.5,5.5,142
96,97,209,49,141,4.2,246,10,6.3,2.4,1.2,1.1,5.7,143
97,98,151,21,206,7.4,232,9.1,6.5,2.7,1.5,1.2,6.4,145
98,99,141,16,373,6,319,11.9,8.7,2.9,2,0.9,5.6,145
99,100,191,71,207,6.1,254,11,6.4,3.4,1.7,1.7,4.5,140
100,101,197,23,190,4.7,330,10.9,6.5,3,1.4,1.7,6.4,143
101,102,276,18,581,17,80,9.3,4.4,1.2,0.1,0,6.5,146
102,103,150,28,174,7.6,321,12.7,8,3.2,1.7,1.6,6.2,144
103,104,159,33,133,5.3,285,12.1,7.9,2.8,1.7,1.2,4.4,144
104,105,135,19,298,4,302,11.7,6.8,2.7,1.7,1,4.1,143
105,106,166,48,238,7.1,279,12.2,8.8,3.1,2,1.1,4,142
106,107,144,21,130,6.5,305,12.3,8.1,2.8,1.7,1,4.6,143
107,108,158,37,276,7.2,282,12,7.6,3,1.9,1.1,4.1,144
108,109,144,65,161,2.8,292,11.8,8,2.7,1.8,0.9,3.7,145
109,110,135,36,113,8,299,12.4,7.5,3.1,1.9,1.2,4.7,143
110,111,146,43,150,6.5,271,12.5,6.7,3.2,1.6,1.6,4.1,144
111,112,117,29,238,5.4,342,11.3,7.2,2.6,1.4,1.2,3.9,142
112,113,133,3,207,4,282,12.2,7.7,3,1.4,1.6,4.1,142
113,114,156,49,340,7.3,284,11.3,7,3,1.4,1.5,3.8,143
114,115,157,7,146,4.6,313,11.4,9.1,2.8,1.5,1.3,4.5,140
115,116,122,53,236,7,319,11.8,9.2,3.1,1.9,1.2,4.5,143
116,117,129,44,168,5.6,402,11.4,8.7,2.7,1.2,1.5,4.3,140
117,118,161,26,287,7.9,267,12.4,6.8,3.2,1.6,1.6,4.6,144
118,119,137,26,330,6,307,12.2,7.5,3.1,1.9,1.3,3.6,143
119,120,131,33,241,3.9,278,10.9,7.6,2.4,1.6,0.8,4.6,147
120,121,182,15,954,5.5,365,11.8,7.1,2.9,2,1,5.2,146
121,122,128,10,317,8.7,349,11.2,8.1,2.8,1.7,1.1,4.9,146
122,123,153,31,248,4.8,304,12.6,7.9,3.1,2,1.2,3.8,145
123,124,153,15,324,5.4,288,12.3,7.1,3.1,2.1,0.9,4,144
124,125,161,21,231,4.7,305,12.6,8.2,3.1,2.1,1,4.1,146
125,126,139,15,281,4.8,293,11.9,6.5,2.9,2,0.9,4.8,145
126,127,158,29,608,2.4,282,12.8,6.6,2.9,2,1,3.7,142
127,128,131,13,364,4.9,274,11,5.9,2.6,1.7,0.9,3.6,146
128,129,155,33,355,5,293,11.5,8.9,3.2,1.5,1.7,4.3,149
129,130,148,14,452,5.2,321,12.2,8.4,2.9,1.9,1,3.3,147
130,131,134,13,332,4.9,294,11.4,6.3,2.9,1.9,1,3.7,143
131,132,128,13,177,5.2,320,12.2,8.1,3,1.8,1.2,3.8,142
132,133,148,18,438,6.9,279,11.8,7.1,3,1.5,1.5,3.8,142
133,134,146,9,437,5,290,11.6,7,3.2,1.9,1.4,4,146
134,135,150,47,374,3.2,323,12,8.4,2.9,2.1,0.9,4.2,146
135,136,161,20,277,4.6,282,11.4,6.4,2.7,1.5,1.2,4.1,145
136,137,122,12,472,5.3,313,11.2,7.2,2.6,1.6,1,4,144
137,138,142,34,358,5.3,389,11.8,8.6,2.7,1.9,0.8,3.3,142
138,139,137,35,409,4.9,334,12.4,8.5,3,1.9,1.1,4.3,145
139,140,161,25,406,4.6,270,11.6,7.8,3,2,0.9,4.8,145
140,145,1183,0,14001,6.9,278,21,8.2,5,2.4,2.5,6.1,158
141,146,1369,3,14001,6,242,19.2,6.5,4.6,1.8,2.8,5.9,153
142,147,1171,6,14001,5,273,21,8.9,4.5,2.4,2.1,5.7,155
143,148,1257,3,14001,4.5,263,21,8.1,4.4,2,2.5,6.7,155
144,149,959,0,8747,3.8,233,21,8.7,4.6,2.2,2.3,4.7,148
145,150,1014,12,14001,4.1,273,16.8,6.4,4.5,1.9,2.6,5.6,148
146,151,929,9,4628,7.2,288,21,5.7,5.2,2,3.2,5.9,157
147,152,1127,8,14001,5.3,238,21,7.3,4.7,2.2,2.6,5.5,152
148,153,871,0,9148,6.8,274,21,9,5,2.1,2.9,4.6,149
149,154,1036,5,14001,3.2,261,21,8,4.7,2.4,2.2,4.7,147
150,155,909,0,8313,6.2,276,19.9,6.9,4.4,2.2,2.2,5.2,153
151,156,984,5,8359,5.3,228,21,8.4,5.2,2.3,2.9,4.8,152
152,157,1037,8,14001,3.9,241,21,9.8,5.4,2,3.5,4.2,150
153,158,884,0,4965,5.3,279,19.8,6.3,4.8,2.4,2.4,4.8,149
154,159,1637,0,14001,4.3,286,21,6.6,4.8,2.3,2.5,5.8,164
155,160,589,0,6148,8.6,272,21,8.9,5.5,2.6,2.9,6.1,158
156,161,1288,19,14001,4.7,275,21,6.7,4.8,2.1,2.7,5.7,148
157,162,1011,2,14001,2.7,243,21,10.6,5.4,2.9,2.6,6.3,152
158,163,901,0,8236,4.2,244,21,7,4.7,2.1,2.6,5.5,155
159,164,1487,0,14001,4,250,21,6.5,5.3,1.8,3.5,5.4,149
160,165,1108,0,14001,4.5,284,11,6.5,4,2,2,10.2,164
161,166,883,5,14001,5.4,266,10.7,6.9,3.8,2,1.8,11,162
162,167,669,6,14001,3.9,269,12,7,5.1,1.6,3.5,10.3,165
163,168,604,0,14001,2.7,269,11.4,6.5,4.4,1.7,2.7,9,162
164,169,915,7,14001,3.7,230,11,7.5,5,1.5,3.5,10,158
165,170,707,0,14001,1.8,273,10.4,5.9,4,1.7,2.3,10.1,156
166,171,1051,0,14001,3.1,250,10.8,7.1,4.4,1.5,3,12,160
167,172,784,0,14001,4.8,232,11.6,5.8,5,1.4,3.6,10.1,164
168,173,1056,0,14001,3.4,263,11.2,7.2,4.7,1.4,3.3,11.5,158
169,174,1068,0,14001,4.4,240,11.7,7,5,1.4,3.6,12,157
170,175,864,0,700,2.9,258,11.3,7.2,5.6,1.2,4.4,10.9,156
171,176,921,0,14001,3.3,254,11.1,6.1,4.1,1.6,2.5,10.3,155
172,177,911,52,14001,1.7,274,11.6,7.4,4.8,1.2,3.5,11.3,159
173,178,637,0,3339,2.4,250,11,7.3,4.4,1.2,3.2,10.1,163
174,179,943,0,14001,2.3,269,10.9,6.7,4.2,1.5,2.7,11,155
175,180,738,6,8390,2.9,264,11.5,8.2,4.6,1.4,3.3,9.6,161
176,181,1035,2,14001,3.7,265,10.8,7.4,3.9,1.6,2.3,10.8,157
177,182,693,0,1795,3,252,11.1,6.8,4.2,1.2,3,9.6,162
178,183,995,0,432,3.1,268,11,7,4.5,1.2,3.3,10.8,159
179,184,741,10,14001,2.2,257,11.1,6.4,4.4,1.3,3.1,10.2,157
180,185,809,0,14001,3.3,272,10.8,6.5,3.8,1.9,1.8,8.3,159
181,186,1228,1,14001,2.5,271,10.4,6.7,4.2,2.4,1.8,9.1,161
182,187,948,0,14001,2.5,249,10.4,7.3,3.8,2.1,1.7,8.9,159
183,188,1339,0,14001,2,264,10.2,6.6,3.3,1.8,1.5,10.9,158
184,189,1262,0,14001,2.8,242,10.3,6,4.3,1.9,2.4,9.8,157
185,190,990,0,14001,2.5,250,10.2,6.7,3.8,2.2,1.6,9.6,158
186,191,1572,0,14001,1.5,258,10.3,6.9,3.9,2,1.9,11.5,162
187,192,1648,0,14001,3.2,264,9.9,7,3.8,2,1.8,11.6,158
188,193,1074,3,14001,1.4,245,10.2,6.5,3.6,1.9,1.7,9.5,159
189,194,1062,0,14001,3.1,256,10.3,6.5,3.9,2.3,1.6,9.9,156
190,195,721,0,14001,3,264,10.3,6.5,4,2,1.9,8.8,159
191,196,1289,0,14001,2.1,247,10.6,6.7,4,2,2,8.5,159
192,197,1166,0,14001,2.2,249,10.3,5.6,3.6,2.1,1.5,9.5,158
193,198,1086,0,14001,1.8,277,10.6,6.6,3.8,2,1.8,10.5,160
194,199,1994,0,14001,2.8,234,10,6.2,4,1.7,2.4,12,159
195,200,1288,0,14001,3.6,266,10,6.9,3.9,2.2,1.7,8.7,156
196,201,1146,0,14001,2.4,245,10.2,6.3,4.4,1.9,2.5,8.8,156
197,202,1147,0,14001,2,254,10,5.7,4,1.8,2.2,9.3,155
198,203,1359,0,14001,2.2,278,10.1,6.3,3.8,2.3,1.6,9.3,158
199,204,1199,5,14001,3.2,265,9.9,5.9,4,2.3,1.8,11.3,161
200,205,1246,10,14001,5.2,249,11.2,6.4,4.4,2.5,1.9,9.2,163
201,206,1711,0,14001,2.6,272,10.2,6.9,3.7,2.3,1.4,11.1,156
202,207,1467,4,14001,3.2,267,10.2,6,3.7,2.3,1.4,8.7,155
203,208,1381,26,14001,2.4,281,10.9,7.2,4.5,2.4,2,9.8,160
204,209,1475,0,14001,1.8,271,10.5,6.4,3.7,2.1,1.6,9.7,159
205,210,2000,1,14001,2.9,250,10.6,5.6,3.9,2.1,1.9,11.5,162
206,211,1405,2,14001,3.3,245,9.8,6.8,3.8,1.9,1.9,10.3,159
207,212,1284,1,14001,4.7,259,10.7,6.3,3.9,2.3,1.6,9.1,162
208,213,1574,0,14001,2.5,251,10.9,7.2,4.1,2,2.1,10,162
209,214,1896,5,14001,3.2,273,11,6.6,3.9,2,1.9,10.3,166
210,215,1395,0,14001,2.3,176,10.8,3.8,4.6,1.7,2.9,7.9,157
211,216,1270,0,14001,2.2,198,11,4.9,4,2,2,7.3,154
212,217,1506,0,14001,7.5,250,10.4,3.3,3.6,1.8,1.8,6.9,161
213,218,2226,0,14001,3.4,217,10.2,4.9,4.2,1.7,2.5,7,155
214,219,1352,0,14001,2.2,227,10.9,5.1,4.1,1.9,2.2,5.3,158
215,220,2047,0,14001,4.5,221,11,4.6,4.4,2.1,2.3,7.2,160
216,221,1398,8,14001,3.5,206,11,5.6,4.7,2,2.7,6.4,156
217,222,2158,0,14001,4.9,174,10.4,3.3,4.3,2,2.4,6.8,155
218,223,1320,0,14001,3.2,195,10.7,5.2,4.1,1.7,2.4,6.3,161
219,224,1756,0,14001,5.2,207,9.9,2.9,3.7,1.7,2.1,6.4,155
220,225,1392,1,14001,4.6,256,10.9,7.2,3.4,2,1.4,7.2,159
221,226,1708,6,14001,3.6,250,10.8,7.6,3.9,2.3,1.6,8.2,158
222,227,1356,1,14001,5,256,11.1,7.1,3.7,2.1,1.7,6.3,160
223,228,1752,4,14001,4.7,273,11.5,7.7,4.6,2.2,2.4,7.4,163
224,229,1362,0,14001,6.3,252,11.3,7.7,3.9,2.1,1.8,7.5,159
225,230,1373,5,14001,5.9,285,11.8,7.4,4.1,2.3,1.8,5.8,162
226,231,1216,2,14001,4.7,246,10.8,6,4,2.2,1.8,6.5,158
227,232,1699,19,14001,3.5,255,11.4,6.3,3.7,1.9,1.8,8,157
228,233,1315,12,14001,5.4,244,10.7,6.5,4.1,2.4,1.7,6.2,155
229,234,1794,1,14001,4.8,232,10.4,6.5,3.8,2.1,1.7,7.7,157
230,235,1150,7,14001,0.7,255,10.6,7.2,3.4,1.9,1.5,10.8,153
231,236,881,1,14001,1.3,277,10.4,6.8,3.3,2.2,1.2,10.4,153
232,237,790,0,14001,0.6,282,10.3,7.5,3.1,1.8,1.3,9.3,152
233,238,1016,3,14001,1.1,279,10.2,6.6,3.3,1.9,1.4,8.9,154
234,239,1099,3,14001,1.5,252,10,6.6,3.5,1.9,1.5,11.9,151
235,240,1062,0,14001,2.2,261,10.8,6.4,3.9,2.2,1.7,9.1,159
236,241,857,3,14001,0.6,260,10.4,7.7,3.2,1.8,1.4,9.7,153
237,242,744,1,14001,0.9,263,10.7,6.8,3.4,2.1,1.3,10,154
238,243,783,14,14001,2.3,264,11,7,4.1,2.3,1.8,7.9,159
239,244,1521,3,14001,0.7,280,10.5,7.1,3.5,1.8,1.7,12,155
240,245,1017,3,14001,1.1,265,10.9,7.2,3.6,2.1,1.5,9.6,154
241,246,808,1,14001,1.9,273,11,6.9,4,2.4,1.6,9.3,162
242,247,962,1,14001,2.2,250,10.7,8,3.7,2.2,1.5,9.5,156
243,248,1045,0,14001,3,246,10.6,6.1,3.9,1.9,2,8.6,163
244,249,694,5,14001,1.3,247,10.4,7.2,3.5,1.9,1.5,9.6,151
245,250,645,0,14001,0.7,267,10.4,6.5,3.1,1.8,1.3,7.3,152
246,251,737,0,14001,1.2,261,10.9,6.6,4.2,1.9,2.4,8.6,153
247,252,654,1,14001,0.7,263,10.8,6.5,3.8,1.7,2.1,8.7,155
248,253,1397,1,14001,0.7,250,10.7,7.1,3.3,1.8,1.4,12,156
249,254,1025,7,14001,1.3,275,11.2,7,3.9,2.3,1.6,9.7,154
250,255,1667,0,14001,2.5,248,18.6,7.7,5.1,2.3,2.9,8.8,151
251,256,968,0,9901,1.7,263,18.5,7.8,5.6,2.2,3.4,6,152
252,257,1891,0,14001,2.5,234,18.7,9.1,5,2.2,2.9,8.1,151
253,258,1144,10,14001,5,278,18.8,8.1,4.7,2.3,2.4,7.5,153
254,259,794,0,7726,4.4,260,17.6,7.4,5.2,2.2,3,6.1,146
255,260,988,0,6202,6.1,265,19.7,11,5.2,2.3,2.8,7.5,152
256,261,1067,14,9075,6.4,292,19.9,10.3,5,2.5,2.5,6.9,155
257,262,1119,0,14001,3.2,258,19.5,7.3,5,2.3,2.6,6,150
258,263,1499,1,14001,3.4,261,21,9.2,5.3,2.6,2.7,7.3,152
259,264,1227,2,7283,7.1,254,21,10.8,5.3,2.3,3,7.5,154
260,265,1098,0,14001,4.5,251,10.2,4.7,3.9,2.3,1.7,11,155
261,266,682,0,14001,4.7,288,10.1,5.1,3.8,1.9,1.8,9.5,155
262,267,998,12,14001,6.8,278,10.9,5.1,4,2.1,1.9,11,157
263,268,1639,0,14001,5.2,254,10.8,6.7,3.9,1.6,2.3,12,157
264,269,1062,0,14001,5.6,258,10.2,5.1,3.7,2,1.8,10.4,156
265,270,586,7,5705,3.2,288,10.2,5.9,3.4,2,1.5,8.4,158
266,271,1473,0,14001,4.2,265,10.4,5.8,3.7,2,1.7,11.9,156
267,272,1519,0,14001,4.4,262,10.3,5.7,3.8,2,1.7,12,160
268,273,1413,0,14001,5.3,287,10.6,5.8,4,2.1,1.9,11.9,162
269,274,1081,0,14001,5.7,293,10,5.8,3.8,1.8,2,11.5,155
270,275,1064,0,14001,5.3,241,10.9,6,4.1,2,2.1,9.8,157
271,276,912,0,14001,5.1,269,10.5,5.7,3.9,2.2,1.7,10.1,159
272,277,1512,0,14001,4.2,245,10,6.1,3.5,1.8,1.7,12,157
273,278,1474,0,14001,6.7,265,10.4,5.8,3.6,2,1.5,11.8,159
274,279,1633,0,14001,9.8,245,9.3,6.8,4.5,1.7,2.8,12,152
275,280,1462,0,14001,6.9,279,10.7,5.9,3.9,2,1.9,11.2,162
276,281,1531,4,14001,5.2,239,10.7,5.8,4.1,2.1,1.9,11.8,157
277,282,796,5,14001,5.5,248,10.1,5.6,3.8,2,1.8,10,161
278,283,1651,0,14001,6.7,265,10.6,5.8,4.4,2.1,2.3,12,157
279,284,855,0,14001,2.3,273,10.7,5.6,4.3,2.3,2.1,10.1,165
280,285,1666,0,14001,2.7,253,10.8,6.1,5,2.6,2.4,10.1,160
281,286,1373,0,14001,3.9,251,10.1,6,3.4,1.7,1.7,10,158
282,287,1396,0,14001,3.5,249,10.4,6.4,4.2,1.8,2.4,10.4,160
283,288,1464,0,14001,3,252,11,6,4.8,2.2,2.5,10.9,163
284,289,905,0,14001,4.6,250,10.5,6.6,4.3,2.5,1.8,9.9,157
285,290,344,0,14001,7.9,261,8.9,8.6,4.3,2.1,2.2,12,153
286,291,1661,0,14001,3.7,261,10.4,6.3,4.1,2.2,1.9,12,160
287,292,2419,8,14001,4.5,228,10.2,5.6,4.2,2.1,2.1,9.6,157
288,293,1631,0,14001,2.8,242,10.6,6.2,3.9,2,1.9,11.1,163
289,294,1247,0,14001,2.6,256,10,6.9,3.8,1.8,2,10.4,156
290,295,1415,0,14001,2.4,208,9.9,7.3,4.3,2,2.3,8.6,157
291,296,614,0,2323,2.2,223,10.5,6.4,3.6,2,1.6,4.4,157
292,297,1009,6,14001,1.9,208,10.1,5.6,3.7,1.8,1.9,5.7,155
293,298,1308,1,14001,3,236,10.7,7.1,4.2,2.3,1.9,6.9,156
294,299,1079,0,14001,2,238,10.4,6.9,3.9,2,1.9,6.9,155
295,300,989,0,14001,1.9,222,10.3,6.8,3.9,2.2,1.8,6.4,158
296,301,926,0,14001,2.2,235,10.4,7.7,4,2.1,1.9,6.6,159
297,302,1146,0,14001,2.6,241,11.2,8.7,4.8,2.2,2.6,6,165
298,303,1041,2,14001,2.2,199,9.9,6.9,4.2,2,2.2,8.3,155
299,304,1212,0,14001,1.7,210,10.6,6.8,3.8,1.8,2,6.6,156
300,305,1268,6,14001,3.6,244,21,9.7,4.8,2.4,2.4,9,151
301,306,854,14,14001,4.1,226,21,9.7,5.2,2.6,2.6,7.9,148
302,307,1267,15,14001,5,246,17.8,9.4,4.8,2.1,2.6,8.2,153
303,308,866,10,14001,5.1,234,21,8.5,4.8,2.6,2.2,7.4,146
304,309,1704,6,14001,7.5,240,16.4,7.1,4.6,2.1,2.5,10.4,152
305,310,1336,0,14001,6.5,221,21,10.4,4.7,2.4,2.3,8.2,156
306,311,1052,10,14001,4,233,21,9.9,4.7,2.3,2.3,8.2,149
307,312,959,4,14001,5,237,21,8.1,4.4,2.1,2.4,8.6,149
308,313,998,5,14001,5.4,246,21,7.9,4.5,2.1,2.4,7.2,151
309,314,1461,9,14001,5.9,248,21,10.8,5.4,2.5,2.9,8.6,150
310,315,1093,0,14001,1.8,240,10.4,6.1,3.9,1.9,2,7.7,156
311,316,1038,4,14001,2.1,177,10.8,7.6,4.5,1.5,3.1,7.8,156
312,317,1262,8,14001,2,237,10.3,7.2,3.7,2,1.8,7.2,154
313,318,2001,0,14001,1.3,261,10,7.5,3.9,1.9,2,12,154
314,319,818,2,14001,1.7,229,11.5,7.8,4.5,1.5,3,6.2,164
315,320,1096,5,14001,0.6,227,10.7,8.3,4.6,2,2.7,8.8,157
316,321,1319,8,14001,1.6,241,11.1,7.4,4.7,2.1,2.6,6.8,156
317,322,1009,8,14001,1,203,11,7.1,4.5,1.7,2.8,6.6,158
318,323,1099,0,14001,0.9,155,10.3,7.1,4.3,1.6,2.6,7.8,154
319,324,1044,8,14001,1.9,222,10.9,7.8,4.2,2.2,2.1,7.7,156
320,325,1057,0,14001,2.5,271,10.6,6.5,4.2,2.3,2,8.5,158
321,326,1325,27,14001,3.1,258,10.6,4.7,3.8,1.9,1.9,8,155
322,327,1264,1,14001,3.5,263,10.5,6.1,4,2,2,9.6,157
323,328,1179,0,14001,2.3,261,10.4,7,4.5,2.3,2.3,9.2,159
324,329,1153,3,14001,3.3,269,10.7,6.7,4,2.1,1.8,8.6,159
325,330,1238,2,14001,3.2,300,11.1,5.6,4.5,2.1,2.4,8.9,163
326,331,1435,6,14001,3.4,264,10.6,5.8,3.9,2.1,1.8,8.4,158
327,332,1308,4,14001,4.1,246,10.8,6,4.5,2.3,2.2,9.9,158
328,333,1662,0,14001,4.2,272,10.6,5.9,4,2.2,1.8,10.8,157
329,334,1060,5,14001,3.2,264,10.4,6.2,4.1,1.8,2.3,7.3,155
330,335,1197,9,14001,2.9,231,11,6,3.3,2,1.3,5.4,156
331,336,1871,1,14001,2.6,273,11.2,5.5,4.6,2.2,2.4,4.5,153
332,337,1064,21,14001,4.4,241,12,6,3.7,2.2,1.5,5.1,156
333,338,1448,34,14001,3.5,230,10.9,6.2,4.2,2.4,1.8,4.7,157
334,339,1568,9,14001,2.9,219,11.1,6.6,4.1,2,2.1,7.4,156
335,340,1352,7,14001,2.8,231,11.5,6.5,3.6,2.2,1.4,4.8,159
336,341,1912,5,14001,3.7,201,10.6,5.8,3.3,1.7,1.6,5.8,155
337,342,884,6,14001,3.9,203,10.9,5.9,4.1,1.9,2.2,4.6,155
338,343,1659,27,14001,2.7,216,11,6.1,3.5,2,1.5,5.6,159
339,344,1546,11,14001,3.4,216,10.8,6.6,3.6,1.9,1.8,5.6,156
340,345,1259,0,14001,2.4,240,10.4,6.9,4.7,1.8,2.8,5.4,164
341,346,1314,3,14001,1.7,244,10.1,6.3,4.1,1.9,2.2,9.3,158
342,347,897,0,14001,2.6,270,10.3,5.8,4.1,2,2.1,10,159
343,348,1913,0,14001,1.4,260,10.5,6.9,4.3,1.5,2.8,12,161
344,349,720,0,14001,1.8,245,10.6,6.1,4.6,2,2.6,8.8,159
345,350,1059,0,14001,1.4,228,9.8,6.7,5,1.9,3.1,10.5,155
346,351,639,0,14001,2.4,271,10.4,6.4,4.5,2,2.5,7.6,157
347,352,992,3,14001,2.2,247,9.6,7.7,4.9,2.1,2.9,12,157
348,353,1573,0,14001,2.7,272,10.3,6.1,4.4,2.1,2.2,10,160
349,354,891,0,14001,2.1,277,10.8,6.2,4.1,2,2.1,8.6,158
350,355,1285,1,14001,2.8,246,10.5,7,4.5,1.8,2.7,9.8,163
351,356,734,1,14001,3.5,259,10.5,5.6,4.5,2,2.4,8.5,156
352,357,1579,3,14001,2.4,267,9.9,6.1,4,1.9,2.1,12,154
353,358,834,0,14001,2.2,250,10.3,6.5,4.3,1.7,2.7,10.3,157
354,359,730,5,14001,2.9,268,10.6,6.1,4.2,2.1,2.2,10.1,162
355,360,590,14,14001,2.5,260,10.2,6,4.2,2.1,2.1,7,160
356,361,718,0,14001,2.3,252,10.1,5.6,4.3,2,2.3,8.1,160
357,362,980,0,14001,2.3,242,10.1,7,4.4,1.8,2.6,10,154
358,363,922,2,14001,3.1,242,10.2,6.1,3.9,1.8,2.2,8.2,158
359,364,872,5,14001,2.3,242,10.6,6.3,4.7,1.9,2.8,6.7,161
360,365,1648,3,14001,3.9,243,11.6,6.6,5,1.7,3.2,7.5,157
361,366,1250,0,14001,5.1,257,11.1,6.1,4.9,2.3,2.6,8.5,159
362,367,1100,2,14001,5.2,245,11,6,5,1.9,3.2,8,158
363,368,763,12,14001,2.7,271,11,6.9,4.8,2.5,2.3,6.9,161
364,369,1003,7,14001,4.1,250,10.9,5.5,4.3,2.3,1.9,6.9,158
365,370,829,0,14001,4,248,11.9,6.8,5.1,1.9,3.2,6.6,169
366,371,877,0,14001,2.4,237,11.2,5.6,4.7,2.3,2.4,6.9,162
367,372,773,0,14001,4.1,231,10.5,5.6,4.1,2.3,1.9,6.4,159
368,373,1418,0,14001,4,232,10.9,6.5,4.5,2,2.5,11.2,156
369,374,1380,0,14001,4.2,246,10.9,6.9,4.4,1.9,2.5,11.3,154
370,375,717,9,7072,2.9,233,21,8.1,5,2.3,2.7,4.1,152
371,376,1047,1,14001,3.9,226,21,8.1,4.5,2.1,2.4,4.3,151
372,377,1075,3,14001,4.6,250,21,9.1,5.4,2.5,2.9,4.3,154
373,378,1031,0,14001,4.6,245,17.7,6.5,4.7,2.2,2.4,5.7,151
374,379,934,0,8509,2.9,211,21,8.2,6.2,2.3,3.9,3.6,151
375,380,829,5,8107,1.7,237,21,8.3,5.7,2.6,3.1,3.7,156
376,381,1156,0,7769,3.6,241,21,8.5,5.4,2.4,3,4.6,155
377,382,1042,1,14001,4.5,228,18.7,7,4.7,2.3,2.4,4.7,149
378,383,1083,0,14001,3,225,21,7.1,5,2.3,2.7,4.9,148
379,384,1199,1,14001,4.1,242,21,8.3,5.2,2.6,2.7,4.1,149
380,385,1208,9,14001,2.3,235,19.4,10.9,5.7,2.4,3.2,12.9,156
381,386,825,15,4944,4.1,225,21,7.7,5.1,2.4,2.7,7.1,152
382,387,788,0,14001,2.7,234,21,7.5,5.3,2.5,2.8,9.2,155
383,388,673,8,6745,4.7,232,18,7,4.7,2.3,2.4,6.2,151
384,389,969,11,14001,4.9,206,21,7.5,4.9,2.3,2.6,8.5,156
385,390,930,13,14001,1.6,245,21,10.4,6.5,2.7,3.8,12.5,154
386,391,773,0,14001,3.1,235,21,6.8,4.8,2.1,2.7,8.1,152
387,392,560,6,6446,4.4,219,17.4,7.8,4.8,1.9,2.9,8.4,152
388,393,899,15,14001,4.3,226,21,7.8,4.6,2.1,2.6,8.3,153
389,394,620,13,7835,3.9,229,21,7.7,4.8,2.4,2.4,6,151
390,395,1271,25,3793,4.1,252,21,7.1,4.9,2.4,2.5,7.8,150
391,396,1257,1,14001,4.8,229,21,7.3,5,2.2,2.8,7.5,153
392,397,934,4,14001,2.7,230,21,8.7,4.4,2.1,2.3,7.9,151
393,398,1236,0,14001,4.1,254,21,5.8,4.8,1.9,2.9,8.3,154
394,399,1009,1,6276,4,248,21,6.6,4.6,1.8,2.8,7.2,151
395,400,2516,5,14001,5.3,235,21,10,4.8,2.1,2.7,9.2,152
396,401,1601,15,14001,4.4,255,21,7.9,5.1,2.3,2.9,7.7,154
397,402,883,3,8853,3.2,248,21,9.8,5.4,2,3.4,6.7,153
398,403,990,0,8209,4,237,21,7.1,4.9,2,2.9,6.5,150
399,404,1132,6,14001,4.1,244,21,8.8,4.8,2.3,2.5,7.3,153
400,405,1972,6,14001,1.8,257,10.3,6.1,3.7,1.6,2.1,10,156
401,406,939,32,14001,2.7,227,10,5.5,3.5,1.8,1.7,10,155
402,407,808,11,14001,3.8,248,10.5,5.7,3.7,1.7,2.1,8.9,156
403,408,1301,15,14001,3.8,234,10.5,5.7,3.9,1.8,2,9.2,156
404,409,1294,14,14001,3.8,232,10.4,5.8,3.8,1.8,2,8.9,154
405,410,1530,3,14001,3.5,253,10.7,6.5,4.2,2.2,2.1,12,160
406,411,1851,4,14001,1.9,233,10.8,5.8,4.8,2,2.8,11.3,164
407,412,1173,8,14001,3.5,257,10.8,6.4,3.9,1.9,2,10.4,159
408,413,1305,1,14001,2.3,258,10.1,7.2,4.2,2,2.1,10.6,156
409,414,1164,16,14001,3.8,247,11.2,6.6,4.4,1.7,2.7,9.4,160
410,415,1144,0,14001,2.8,218,21,6.5,5.2,2.4,2.8,4.2,148
411,416,781,2,7565,3.2,240,21,6.2,4,2,2,4.3,150
412,417,1269,6,14001,3.2,240,21,9.3,5,2.4,2.6,5.7,149
413,418,965,5,1078,4.4,226,21,8.6,5.3,2.6,2.7,4.2,154
414,419,744,4,7595,2.7,233,21,7.9,5,2.3,2.7,5.2,150
415,420,821,4,8144,3.5,228,21,7.4,4.6,2.2,2.4,5.1,152
416,421,933,3,14001,2.2,227,21,7.8,4.7,2.1,2.5,4.3,149
417,422,1072,0,4652,2.9,187,19.9,8.5,4.8,2.1,2.7,6.8,152
418,423,893,0,8598,3.6,228,21,7.7,4.5,2,2.4,5.5,151
419,424,1009,0,14001,3.5,210,21,8.9,4.8,2.3,2.5,6.7,145
420,425,440,6,4388,4.6,266,21,7,5.9,2.2,3.8,5.1,147
421,426,610,0,6336,3.6,278,21,5.1,5.8,2.2,3.7,4.9,151
422,427,426,2,5417,3.2,289,21,5.9,5.2,2.4,2.8,5.3,148
423,428,608,2,6532,5.4,266,25,7,5.9,2.6,3.3,5.3,152
424,429,694,2,8753,2.1,251,21,6.8,5.6,2.6,3,5.7,146
425,430,535,14,3319,4.2,262,21,7.5,6.4,2.8,3.6,5.2,153
426,431,451,10,4724,2.3,260,21,7.1,5.2,2.5,2.7,6.3,148
427,432,663,9,6683,3.6,261,21,5.4,4.9,2.2,2.7,5.3,147
428,433,704,5,6350,4,239,21,8,5.3,2.6,2.8,6.4,153
429,434,577,5,6553,3.2,238,21,7.6,5.8,2.3,3.5,5.6,152
430,435,573,0,5977,6.2,251,21,5.6,5.6,2.4,3.2,6.3,152
431,436,569,2,8016,3.4,251,21,6.3,4.6,2.2,2.4,6.7,149
432,437,568,4,6858,3.3,255,21,6.6,5.8,2.8,3,6.7,154
433,438,566,1,4679,4.5,249,21,8.7,5.1,2.5,2.6,6,152
434,439,489,11,4237,1.9,231,21,6.8,5.8,2.5,3.3,6,152
435,440,692,14,4121,4.5,265,21,5.9,4.8,2.2,2.6,6.8,152
436,441,700,6,6556,1.6,200,21,5.7,5.4,1.9,3.5,6.1,150
437,442,607,10,7175,5.3,226,21,5.9,5.1,2.3,2.8,6.8,154
438,443,569,10,7664,4.3,267,21,6.1,5.3,2.4,3,6.2,153
439,444,515,1,4614,5.3,212,21,7.1,5.2,2.1,3.2,6.2,150
440,445,607,0,6281,8.8,263,21,7.9,6,2.5,3.5,6.6,156
441,446,408,0,4429,5,243,21,5.7,4.8,2.2,2.6,5.8,146
442,447,600,9,6486,1.6,248,21,5.6,5.5,2.7,2.9,7,155
443,448,654,12,8659,5.1,253,21,8,5.5,2.4,3.1,5.8,151
444,628,101,10,498,4.7,218,14.1,6,5.3,2.3,3,5.4,141
445,629,143,30,612,4.1,224,21,4.5,6,3,3,4.6,138
446,630,137,20,377,3.7,223,21,3.2,6.1,2.8,3.4,4.5,143
447,631,149,17,409,3.6,221,21,4.3,6.6,2.9,3.7,4.3,143
448,632,190,10,1054,6.2,209,11.1,2,4,2,2,5.3,149
449,633,303,60,3879,8.2,202,11.9,3.2,7.8,2.8,5,4.9,147
450,634,238,5,441,9.2,208,13.8,1.6,10,1.9,8.1,4.8,143
451,635,82,7,400,3.4,74,11.4,1.6,2.5,1.2,1.3,1.5,99
452,636,188,65,488,6.5,215,21,3.8,5.1,2.5,2.6,4.5,142
453,637,156,0,334,5.9,218,18.6,3.1,6.7,2.5,4.2,4.5,132
454,638,152,29,555,3.5,203,18.6,3.2,5.1,2.8,2.3,4.2,140
455,639,155,34,524,5.1,213,16.5,0,4.4,1.8,2.6,6.1,163
456,640,117,4,217,4.2,214,19.4,5.4,4.6,2.5,2.1,4.3,143
457,641,234,4,1105,3,211,17.1,2.6,5.9,2.6,3.3,4.7,143
458,642,201,16,1200,3.6,230,21,6.6,5,2.3,2.7,5,149
459,643,187,17,1805,5.1,231,11.2,1.5,4.9,2.2,2.7,4.9,150
460,644,181,0,1062,3.9,197,17.2,2.9,6.1,2.8,3.3,4.9,143
461,645,172,11,1164,4.3,228,16.1,3.1,5.2,2.8,2.4,5.2,141
462,646,159,3,719,2.8,207,19.2,5.7,4.7,2.6,2.1,4.4,142
463,647,157,5,250,5.3,200,18.8,3.7,5.2,2.9,2.3,4.4,143
464,648,165,25,515,8.1,218,21,3.7,5,2.9,2.1,4.3,143
465,649,196,12,904,11,222,19.6,6.2,5.1,2.6,2.5,4.2,145
466,650,213,6,1366,4.4,220,17.5,4.5,4,2,2,4,135
467,651,276,35,768,1.5,215,17.3,3.2,4.6,2.4,2.2,4.9,135
468,652,245,13,442,2.5,248,14.8,1.8,4.4,2,2.4,4.7,133
469,653,202,0,1368,2.2,205,17,1.8,4.6,2.5,2.1,3.8,142
470,654,150,11,365,4.8,192,19.8,5.8,5.7,2.8,2.9,4.3,140
471,655,159,43,445,1,185,18.7,2.3,6.1,3.3,2.8,3.9,131
472,656,183,11,1523,5.3,209,21,4.6,5.6,2.9,2.7,4.7,141
473,657,192,8,1246,3.4,216,19,4.7,5.4,2.6,2.8,4.6,144
474,658,261,28,978,3.8,216,12.6,2.5,6.3,3.7,2.6,4.6,151
475,659,163,40,490,4.9,208,19.7,5.2,5.5,2.9,2.6,3.1,144
476,660,178,7,725,3.8,199,15.2,3.8,4.7,2.8,1.9,3.7,135
477,661,132,26,491,3.7,188,18.5,3.7,5.4,2.8,2.7,3.9,142
478,662,175,18,1012,9,210,18.6,5.3,5.3,2.8,2.4,3.9,142
479,663,182,10,1664,6.7,198,10.9,4.7,4.2,2.5,1.6,5,143
480,664,185,10,1446,6.7,195,11.2,5.2,4.3,2.1,2.3,5.3,140
481,665,165,27,527,4.7,171,21,7.8,5.8,2.8,3,4.3,140
482,666,119,16,442,1.6,129,17.3,3.7,3.8,1.7,2.1,3.4,109
483,667,151,30,387,2.9,179,21,3.1,5.9,3,3,2.9,136
484,668,171,14,1305,2.8,181,17.1,2.5,5.6,3.2,2.4,5.1,139
485,669,163,3,728,3.8,208,21,4.7,5.6,2.9,2.7,4.6,139
486,670,190,6,1078,3.1,192,14.9,3.4,6.2,2.7,3.5,4.5,142
487,671,299,22,3362,4,222,19,4.6,5.4,2.3,3.1,5.6,138
488,672,137,31,529,6.9,234,21,4,5.1,2.7,2.4,4.5,141
489,673,451,77,948,4.2,216,17.7,3.2,4.4,2.2,2.2,4.3,141
490,674,176,37,698,5.7,185,19.2,3,5.7,3.1,2.6,4.5,137
491,675,160,30,598,4.8,193,21,4.1,6.3,2.9,3.4,5.2,140
492,676,189,16,308,5.1,204,21,6,5.8,2.5,3.3,5.3,145
493,677,197,21,601,5.3,193,17.3,4,4.4,2.2,2.2,5.8,127
494,678,155,10,281,3.4,214,21,4.5,5.6,2.9,2.6,3.8,137
495,679,156,6,370,2.6,221,11.8,,5.4,1.5,3.8,6.4,138
496,680,224,7,1464,4.8,178,19.9,3.5,6.4,2.6,3.8,4.3,142
497,681,163,0,477,2.8,218,10.9,0,4.3,1.5,2.9,5.3,135
498,682,142,13,377,3,202,19,4,4.5,2.6,1.8,4.6,142
499,683,146,12,587,5.7,211,20.2,6.7,5.4,2.8,2.7,4,140
500,684,167,18,309,3.8,190,21,4.6,4.7,2.8,2,4.2,141
501,685,149,11,401,3.4,215,10.6,1.9,3.6,2.1,1.6,4.2,147
502,686,178,53,294,3.7,219,21,5.1,6,3.1,2.9,4.1,140
503,687,182,26,797,4.4,219,18.6,3.1,5,2.6,2.4,4.6,140
504,688,139,5,167,5.7,198,21,5.1,6.1,2.8,3.3,4.6,144
505,689,191,25,886,4.7,187,18.9,3.5,5.3,2.6,2.7,4,141
506,690,180,67,889,7.6,172,11.8,2,5.6,1.3,4.3,4.1,149
507,691,191,46,516,2.7,185,21,6.2,5.9,2.9,3,4.3,137
508,692,130,18,631,2.2,188,21,4.1,5.9,2.9,3,5,140
509,693,224,12,237,1.8,186,21,4.4,5.5,3.2,2.3,4.4,137
510,694,147,30,307,2.5,184,21,4,5.5,2.8,2.7,4.3,139
511,695,204,1,327,2.2,227,21,4.2,4.9,2.8,2.1,4.1,137
512,696,213,10,1122,4,175,12.8,3.5,5.7,2.8,3,5.5,151
513,697,136,35,96,1.8,196,21,7.3,6.8,2.6,4.2,3.9,136
514,698,207,179,1021,8.2,200,12.7,2.8,7,,,3.8,146
515,699,159,13,584,3.5,193,21,5,6.3,2.4,3.9,4.4,142
516,700,377,26,777,3,237,13.4,2.9,5.2,2.7,2.5,4,147
517,701,197,1,873,2.7,195,11,3.6,5.2,1.9,3.4,4.8,145
518,702,221,29,2340,2.8,196,21,3.3,5.4,2.3,3.1,4.2,142
519,703,158,21,979,6,189,11.2,1.8,4.8,2.4,2.4,4.6,150
520,704,162,17,355,2,216,18.9,2.3,5.1,2.6,2.5,3.9,142
521,705,208,1,586,0.6,198,15.7,3.4,4.8,2.6,2.2,4.5,144
522,706,311,12,497,1.6,182,19.1,3.8,5.4,2.9,2.5,4.7,143
523,707,524,9,9886,5.7,190,18.2,3.3,6,2.6,3.4,6.1,140
524,708,207,6,432,3.4,174,17.2,1.8,5.7,2.5,3.2,5.6,140
525,709,207,44,1129,6.1,203,21,6.8,5.9,2.3,3.6,4.8,137
526,710,136,3,331,7.9,186,19.1,3.9,5.8,2.7,3.2,4.3,140
527,711,131,16,191,4.7,200,21,4.8,6.2,3,3.2,4.1,136
528,712,154,26,156,3.6,201,21,5.5,5.3,2.9,2.4,3.5,136
529,713,229,20,1037,6.3,194,21,5,6.1,3.3,,3.7,141
530,714,165,34,332,6.6,197,21,4.1,6,3.3,2.7,2.9,143
531,715,239,0,2066,0.8,194,11,4.3,4.1,2.1,2,5.1,144
532,716,196,0,1455,1.8,192,9.9,4.9,3.8,1.5,2.3,5.9,144
533,717,150,16,580,5.7,203,19.7,5.9,4.6,2.5,2.1,4.7,140
534,718,169,7,527,4.4,210,17.6,6.2,4.6,2.6,2,5.7,140
535,719,142,6,578,2.5,202,16.8,3.2,4.5,2.1,2.5,4,138
536,720,164,3,578,4.6,199,21,4.7,5,2.3,2.7,4.4,142
537,721,165,13,133,2.3,206,18.5,2.4,5.8,2.6,3.2,4.1,140
538,722,149,37,,3.6,202,21,3.6,7.7,1.7,6,4.9,140
539,723,162,9,276,2.5,224,19.5,4,5.2,1.9,3.2,4.5,144
540,724,194,0,1065,1,216,15.3,3.8,4.8,1.8,3,4.3,138
541,725,288,0,5137,2.6,199,16.2,3.3,5.9,2.4,3.4,4.8,139
542,726,167,0,699,4.1,202,19.5,5.3,6.6,2.3,4.3,3.9,144
543,727,152,5,304,0.7,271,17.5,4,6.3,1.9,4.4,4.3,140
544,728,259,17,3680,6.9,207,19.8,4.2,6.1,2.1,4,4.4,143
545,729,201,2,1249,8.7,184,19.6,3.2,5.2,2.5,2.7,4.5,143
546,730,119,11,65,5.4,193,21,8,7.1,2.7,4.4,3.6,140
547,731,147,18,516,6.5,216,20.2,6,5.2,2.8,2.4,3.5,139
548,732,174,3,1069,7.5,189,11.5,1.3,5.1,2.8,2.4,4.5,147
549,733,168,0,538,3.4,235,17.2,3.4,4.2,1.9,2.4,5.3,134
550,734,137,5,496,3.6,190,20,5.3,5.4,2.6,2.8,5.9,145
551,735,214,1,890,3.1,204,16.5,4.4,5.4,1.7,3.6,5.2,144
552,736,148,0,1113,4.4,222,19.9,4.6,5.1,2.7,2.4,5.1,154
553,737,163,13,477,5.6,206,21,5.3,6.5,2.8,3.8,3.9,144
554,738,150,10,213,5.2,208,21,7,6.3,2.9,3.4,4,143
555,739,203,3,248,3.1,201,20.8,6.7,5.1,2.6,2.6,5,143
556,740,214,0,1243,1.7,187,16.3,4.1,6.8,2.7,4.1,4.6,138
557,741,207,0,613,2.2,200,18.7,1.7,5.7,3.1,2.6,4.5,142
558,742,237,0,1040,2.2,183,13.7,,5.8,2,3.8,6.4,145
559,743,295,32,914,4.4,187,21.7,5.8,7,3.3,3.7,4.2,141
560,744,246,20,1258,12.5,262,11.8,5.5,4.7,2.7,2.1,5.1,150
561,745,255,2,618,7.1,219,11.7,4,4.5,3,1.5,4.7,150
562,746,262,25,1244,4.1,240,18.5,4.2,5.1,3,2.1,5,142
563,747,194,0,516,1.8,209,16.1,3.4,5.8,2.5,3.2,3.9,140
564,748,194,0,896,2.3,232,21,5,4.8,2.5,2.3,4.9,138
565,749,266,0,1658,4.2,215,11.6,3.2,5.9,2.5,3.4,4.6,150
566,750,266,3,3821,2.7,228,21,5.5,8.8,3,5.8,5.1,138
567,751,171,0,220,1.3,222,14.7,2.8,4.8,2.2,2.6,3.5,137
568,752,207,0,402,2.4,230,17.8,2.8,5.1,2.5,2.6,4,144
569,753,188,27,900,4.5,209,21.5,4.5,6.5,2.7,3.8,4.3,140
570,754,194,9,503,5.4,212,16.6,3.1,4.6,2.6,2,4.6,135
571,755,158,35,102,5.9,229,21,3,5.2,3.1,2.1,3.3,139
572,756,154,17,328,5.7,214,21,4.4,6.9,2.9,4,4.4,139
573,757,151,17,590,9.5,193,21,5.8,5.4,3,2.4,4.4,138
574,758,166,0,432,7.9,216,21,5.4,6.5,3.3,3.2,3.5,140
575,759,139,27,320,3.2,240,21,4.3,6.2,3.1,3.1,4.1,140
576,760,140,26,350,3.3,237,21,4.4,6.1,3,3,3.8,139
577,762,138,2,1049,8,234,11.1,5,2.5,2.2,0.3,5.5,149
578,763,171,3,857,7.4,227,12.3,7.5,2.6,2.5,0.2,5.3,147
579,764,155,6,1033,7.4,245,11.1,6.3,2.6,2.2,0.4,5.4,147
580,765,155,7,2392,6.1,211,10.4,6.5,2.5,2.1,0.4,5.1,146
581,766,144,10,878,6,217,11.4,6.6,2.6,2.4,0.3,5,148
582,767,143,5,867,5.3,244,11.5,8.3,2.6,2.3,0.2,5.7,148
583,768,134,4,996,7.3,201,10.2,5.7,2.3,2.1,0.2,4.9,149
584,769,149,19,874,7.6,227,10.8,6.1,2.6,2.4,0.3,5.6,149
585,770,135,15,744,7,217,10.6,6,2.4,2.1,0.3,5.4,148
586,771,139,12,737,7.1,218,10.5,6.2,2.3,2.1,0.3,5.4,149
587,772,167,14,2380,8,285,11.3,7.7,2.6,2.2,0.3,8,151
588,773,145,4,789,8.4,233,11.1,5.8,2.5,2.3,0.2,5.1,150
589,774,136,3,755,8.8,224,11.3,6.5,2.8,2.3,0.4,5.9,149
590,775,150,5,813,7.4,227,10.8,7.5,2.4,2.2,0.3,5.1,147
591,776,134,6,841,8.2,228,11.3,6.3,2.8,2.1,0.6,6.1,146
592,777,139,9,709,7.5,247,11,5.8,2.3,2.1,0.2,5.7,150
593,778,163,12,2829,7.4,216,10.8,6.8,2.7,2.4,0.3,5.8,150
594,779,136,3,672,6.9,242,11,6.5,2.3,2.2,0.1,6,149
595,780,179,15,917,8,272,11.5,7.2,2.5,2.3,0.2,5.9,148
596,781,141,2,945,6.8,246,11.6,5.8,2.7,2.3,0.3,6.1,148
597,782,164,0,3041,4,251,11.5,5.4,2.8,2.2,0.5,5.4,150
598,783,169,4,3156,4.3,239,12.2,7.3,3,2.4,0.6,5.4,151
599,784,145,5,879,3.7,238,10.2,6.8,2.3,1.9,0.5,5.4,148
600,785,168,8,2324,4.6,240,11.7,6.4,2.9,2.1,0.7,5.7,151
601,786,191,12,5340,3.7,237,11.4,6.5,2.8,2.1,0.8,6.2,152
602,787,363,3,14001,8.4,244,12.2,8.3,3.4,2.6,0.7,,153
603,788,193,1,4669,4.9,241,11.2,6.6,2.4,1.7,0.8,7,151
604,789,200,12,5384,2.8,239,12.2,5.8,3,2.1,0.9,7.1,151
605,790,166,4,3393,5.3,240,11.5,6.4,3,2.3,0.6,5.6,151
606,791,172,8,2213,4.4,239,12.2,6.4,2.9,2.4,0.4,5.8,149
607,792,178,4,3530,3.3,216,10.1,5.7,2.6,2,0.5,6.4,148
608,793,158,15,1998,3.9,233,11.3,6.5,2.8,1.9,1,5.6,152
609,794,221,4,7054,4,243,11.1,5.6,2.8,2.7,0.1,7.4,150
610,795,221,7,1245,6,226,11.8,6.6,4.1,2.3,1.7,5.1,150
611,796,283,8,9687,6.6,247,11.9,7.3,3.1,1.9,1.2,8.3,150
612,797,207,3,4883,4.3,218,10.2,6,2.4,1.8,0.6,6.9,153
613,798,161,4,6856,4.3,206,10.4,5.8,2.5,1.7,0.8,6.1,151
614,799,133,35,2244,4.3,222,11.5,5.6,3.9,1.3,2.6,5.7,155
615,800,174,9,4869,5.1,243,11.9,7.2,2.7,2,0.7,6.8,150
616,801,268,7,7812,5,224,11.1,6.4,2.9,2.4,0.5,8.1,150
617,802,481,2,14001,3.2,231,11.7,6.9,3.3,2.3,1,12.5,156
618,803,172,5,1867,5.6,232,13.2,5.6,6.4,1.6,4.8,5,162
619,804,286,3,5772,3.4,220,11.3,6.5,3,2.1,0.9,9.8,153
620,805,741,8,14001,2.8,223,11.2,7.7,2.9,2.1,0.9,6.6,149
621,806,628,14,14001,7.1,241,13,8.1,3.5,2.6,1,7.2,154
622,807,418,6,168,3.2,215,11.2,6.5,3.1,2.3,0.9,12.5,155
623,808,282,5,3245,2.5,248,11.3,7.1,3,2.2,0.8,8.9,153
624,809,828,24,14001,5.3,271,12.8,7.8,3.1,2.2,0.9,4.6,154
625,810,288,0,8381,2.7,246,11.6,6,2.9,2.1,0.8,8.9,152
626,811,284,8,3456,2.9,224,11.2,7,2.9,2,0.8,9.8,158
627,812,285,6,5179,1.9,262,11.7,7.4,3.3,2.4,0.9,10.5,150
628,813,644,3,14001,3.5,239,11.9,7.2,3,2,1,11.2,161
629,814,1307,19,14001,4.4,238,11,7.4,3.1,2,1.1,12.5,155
630,815,180,3,5494,5.7,228,10.6,7.1,3.2,2,1.2,6.7,169
631,816,752,5,14001,2.7,233,12.1,8,3.4,2.3,1.1,4.9,155
632,817,309,8,8295,1.7,216,10.8,5.4,3.2,2.1,1,9.1,150
633,818,279,7,10000,1.9,235,11.6,6.8,3,2,0.9,9.9,152
634,819,828,3,14001,2.9,230,12.3,7.9,3.5,2.4,1,7.4,155
635,820,690,3,801,4.1,235,12.2,6.8,3.7,2.6,1.1,8.3,151
636,821,280,8,7126,2.5,240,11.8,7.8,3.3,2.3,1,9.5,151
637,823,131,3,878,6.9,202,11.2,6.6,2.3,2,0.3,5.4,149
638,824,168,3,1370,7.6,207,10.4,5.3,2.3,1.8,0.6,6,160
639,825,120,3,598,6.3,192,9.4,6,,1.4,,5.2,151
640,826,168,3,1487,8.5,213,10.7,5.8,2.7,2.1,0.6,5.9,149
641,827,167,3,626,5.1,207,10.5,6,2.3,2,0.3,5.7,147
642,828,117,3,661,9,224,11.7,6.2,2.3,1.9,0.4,5.8,147
643,829,148,3,1247,6.5,267,10.5,5.5,2.6,2.1,0.6,5.5,148
644,830,127,3,872,7.4,219,10.4,5.3,2.4,1.9,0.5,4.9,149
645,831,128,3,2087,5.6,164,8.9,5.1,2.1,1.6,0.5,5.5,150
646,832,158,3,2958,7.4,243,12.3,6.4,3.2,2.5,0.6,6.1,146
647,833,173,3,1267,12.4,237,12,,3.6,2.7,0.9,6.2,149
648,835,194,3,526,10.2,230,11.4,5.7,2.4,2,0.4,5.3,148
649,836,159,3,1082,12.3,239,11.4,7,3.3,2.4,0.8,5.1,150
650,838,168,3,1979,8.9,238,11,6.5,2.6,2.1,0.5,5.6,151
651,839,154,3,1456,9.5,205,10.7,5.3,2.4,1.8,0.6,6.5,151
652,840,154,3,830,6.9,236,11.5,6.8,2.9,2.3,0.6,5.4,151
653,841,132,3,710,6.7,197,10.8,6.1,2.1,1.7,0.4,5.2,153
654,842,158,3,661,4.9,186,10.5,6.8,2.1,1.6,0.5,6.6,150
655,843,146,4,1228,5.8,267,11.8,6.5,2.8,1.9,0.9,4.9,148
656,844,159,4,1194,9.5,234,11.8,6,2.3,1.8,0.5,6.1,
657,845,169,4,1054,7,237,12.3,6.5,2.5,1.9,0.7,6.2,150
658,846,206,4,14001,11.2,242,11.8,6.9,2.9,2.1,0.8,6.9,150
659,847,159,4,1240,4.4,245,11.5,7.3,2.7,2.1,0.6,5.6,148
660,848,196,4,5819,4.8,250,11.4,7,2.5,1.9,0.6,6,149
661,849,228,4,7603,3.1,236,11.8,7,3.1,2.3,0.8,6.5,150
662,852,232,4,2475,4.4,237,10.9,6.8,2.6,2,0.6,6.3,152
663,853,214,4,5646,10.7,246,12.1,7.3,3.3,2.4,0.9,9,153
664,854,309,4,14001,2.9,234,11.1,6.7,3.2,2.4,0.7,9,149
665,855,180,4,3455,4.1,232,11.6,6.8,2.6,2.1,0.5,6.7,150
666,856,178,4,3337,3.2,250,11.6,6.5,2.9,2.3,0.6,7.2,156
667,857,243,4,14001,2.5,243,11.4,6.6,3,2.3,0.7,7.5,148
668,858,508,4,14001,3.8,231,11.1,7.2,3,2.2,0.8,9,150
669,859,209,4,2506,3.2,228,11.3,6.7,3.3,2.4,0.9,6,147
670,860,228,4,6749,2.7,219,11.5,6.9,3.2,2.5,0.7,7.2,148
671,861,226,4,14001,3.5,237,11.6,6.5,3,2.4,0.5,7.4,148
672,873,209,10,7386,5,219,11.4,6.9,3.3,2.4,0.8,7.2,151
673,874,258,10,14001,3.5,214,11.2,7.3,3,2.3,0.8,9,151
674,875,274,10,14001,3.1,228,11.4,6.3,2.8,2.3,0.5,8.3,151
675,876,465,10,14001,3.7,220,11.3,7.2,3.1,2.3,0.8,9,150
676,877,663,10,14001,1.8,230,11.6,6.1,3.1,2.4,0.7,9,150
677,878,237,10,7142,3.6,231,11.5,6.2,3,2.4,0.6,7,149
678,879,242,10,14001,3.3,230,10.9,6.8,3,2.3,0.7,7.9,150
679,880,217,10,14001,3.5,235,11.3,6.9,2.8,2.2,0.6,7.8,151
680,881,265,10,14001,1.6,227,11,7.1,2.9,2.1,0.8,9,151
681,882,200,10,4082,3,232,11.6,6.6,3,2.3,0.7,6.7,149
682,893,300,10,14001,6.2,251,11.9,7.2,3.8,2.4,1.3,9,152
683,894,893,10,14001,1.9,250,11.8,8.3,3.3,1.9,1.4,1,155
684,895,1045,10,14001,4.5,235,12.6,7.3,3,2,1,1,159
685,896,363,10,14001,3.4,210,11.3,6.6,3.4,2.4,1,9,152
686,897,454,10,14001,4.1,233,11.4,6.4,3.3,2.3,1,,153
687,898,908,10,14001,3.4,249,12.1,7.4,3.5,2.2,1.3,1,160
688,899,716,10,14001,3.1,228,11.5,7.1,3.3,2.3,1,9,156
689,900,431,10,14001,4.5,223,11.7,6.1,3.3,2.3,1,9,155
690,901,635,10,14001,7.2,235,12.1,6.9,3.8,2.4,1.4,9,153
691,902,589,10,14001,4.7,225,11.6,6.6,3.4,2.1,1.3,8,150
693,1297,216,19,842,3.1,278,12,6.8,3.8,1.5,2.3,2.8,146
694,1298,201,23,709,2.1,272,11.9,4.9,4,1.9,2.1,3,147
695,1299,215,0,483,5.8,313,12.3,8.2,4.1,1.6,2.5,3.4,145
696,1300,243,15,881,2.9,293,12.6,7,4.4,1.8,2.6,2.8,150
697,1301,278,19,594,4.4,320,12.4,9.2,4,1.8,2.2,2.4,148
698,1302,215,0,549,1.8,286,12.4,7.9,3.6,1.5,2.1,3.2,149
699,449,208,28,1707,4.2,267,12.1,7.8,2.9,1.8,1.1,3.9,142
700,450,166,0,667,4.2,305,12.7,5.7,2.7,1.7,1,5.2,147
701,451,177,0,430,4,269,12.3,7,3.1,1.8,1.3,4,143
702,452,171,34,850,3.2,288,12,7.4,2.9,1.8,1.2,3.3,141
703,453,185,33,1124,3.2,274,11.7,6.8,3,1.8,1.1,3.7,142
704,454,180,0,746,3.9,273,11.2,6.7,2.6,1.5,1,3.9,147
705,455,205,40,593,4.9,334,10.8,7.2,2.8,1.8,1,5.2,150
706,456,160,0,484,3.5,299,11.7,8.3,2.8,1.8,1,3.8,146
707,457,167,0,1255,1.6,276,12.4,8.3,2.9,1.6,1.3,3.5,145
708,458,151,0,354,5.2,316,11.7,7.5,2.8,1.6,1.2,4.8,143
709,459,217,0,1644,4.2,270,12.3,7.8,3,1.9,1.1,3.9,144
710,460,180,0,943,2.9,259,11.7,7.1,2.9,1.7,1.2,5,145
711,461,165,0,991,2.6,297,11.4,8.1,2.7,1.6,1.1,4.7,142
712,462,167,0,1143,4.4,287,11.7,8.4,2.7,1.8,0.9,6.2,144
713,463,190,0,3095,2.1,280,11.7,7,2.8,1.7,1.1,4.7,145
714,464,175,0,744,3.5,277,12,8.4,2.9,1.9,1,5.2,145
715,465,171,0,762,5.2,275,11.4,8,2.6,1.4,1.2,4.9,147
716,466,174,21,1153,4.3,282,11.5,8.2,2.9,1.8,1.1,4.3,143
717,467,188,17,944,4.1,299,11.6,7.8,2.8,1.7,1.1,4.6,144
718,468,180,0,1401,4.8,304,12,8.9,2.9,1.9,1,2.8,145
719,469,917,0,1637,26,49,12.9,22,0,0,0,9,157
720,470,235,11,686,2.7,251,11.6,7.9,3.4,2.1,1.4,4.9,145
721,471,244,35,1324,1,254,11,7.2,3.2,2,1.2,4.3,146
722,472,235,0,1006,2.8,258,10.6,7.2,2.9,1.7,1.2,4.6,146
723,473,221,35,711,1,262,11.6,7.6,3.4,2.2,1.2,4.7,144
724,474,235,35,645,1.1,246,10.9,6.4,2.9,1.6,1.3,4.3,145
725,475,206,17,1500,2.6,258,11.4,7.9,3.1,1.9,1.2,5,150
726,476,216,16,934,3.1,280,11.6,8.3,3.5,2.3,1.1,5,145
727,477,212,0,831,2.3,267,11.7,7.5,2.9,1.8,1.1,4.8,148
728,478,230,26,868,1.7,286,11.5,7.1,2.9,1.9,1,5.5,147
729,479,262,35,3724,1.7,291,11.6,8.2,3.4,2.3,1.1,6.3,147
730,480,251,13,1254,1.4,,12.2,8.9,3.3,2.1,1.2,5.4,152
731,481,225,25,620,1.8,277,10.9,6.6,3,1.8,1.2,5,145
732,482,215,35,935,0.3,270,11.2,6.6,3,1.9,1.2,4.6,147
733,483,244,12,819,2.5,280,11.3,6.7,3.4,2.1,1.2,4.9,145
734,484,236,35,786,2.4,277,11.5,7.1,3.4,2.1,1.3,4.2,145
735,485,269,10,821,1.5,282,11.4,6.5,3.2,2,1.2,5.1,145
736,486,228,35,753,2.4,272,11.1,7.9,3.1,2,1.2,5,144
737,487,226,0,706,1.8,275,11.3,7.9,3.3,2,1.3,5.1,146
738,488,208,0,821,2.3,260,10.8,7.8,2.9,1.8,1.1,5.2,150
739,489,222,0,896,2.1,275,11.5,7.2,3.3,2.1,1.2,5.5,145
740,490,221,22,1088,2.3,252,11.4,7.2,3.8,2.5,1.3,5.4,150
741,491,229,9,957,0.6,244,10.2,7.2,3,1.7,1.3,5.6,146
742,492,239,14,1590,1.3,237,10.2,6.6,3.1,1.7,1.4,5.3,153
743,493,214,5,1116,2.1,271,11.6,8.3,3.6,2.3,1.3,5.1,148
744,494,214,10,953,1.8,261,10.6,7.4,3.1,1.8,1.4,5,150
745,495,223,16,865,2.8,269,11.7,8.1,3.7,2,1.6,4.9,150
746,496,237,4,1033,0.6,266,10.7,7.3,3,1.8,1.2,5.9,150
747,497,239,10,1069,3.4,267,10.8,9,3.2,2.1,1.1,5.3,149
748,498,236,15,1071,2.9,259,11.3,9.2,3.4,2.2,1.2,5.5,150
749,499,285,7,785,1.8,285,11.5,8.3,3,2,1,5.2,148
750,500,230,16,1228,2.2,285,11.8,7.6,3.8,2.2,1.5,5.2,149
751,501,284,8,1548,1.7,270,11.1,7.8,3.4,2.1,1.3,5,145
752,502,226,6,1100,2.9,262,11.8,8.3,3.6,2.2,1.4,5.4,150
753,503,222,12,1099,3,269,11.7,8,3.5,2.2,1.3,4.9,147
754,504,239,3,929,2.5,277,11,7.4,3.2,1.9,1.3,5.6,149
755,505,307,0,813,2.5,273,11.2,8,3.2,2,1.2,5.2,148
756,506,225,8,774,2.3,269,11.1,7.8,3.2,2.1,1.1,5.9,152
757,507,338,24,1045,1.6,266,10.8,7.2,3.2,1.8,1.4,5.2,147
758,508,237,17,1421,2.5,280,12,8.1,3.3,2.1,1.2,5.2,151
759,509,259,14,1051,1.9,269,11.3,7.4,3.5,2.1,1.4,6,148
760,1598,710,0,7220,4.4,277,25,8.2,5.8,2.7,3.1,8.8,157
761,1599,485,3,6353,5.3,270,25,7.5,5,2.3,2.6,6.3,152
762,1600,533,7,6721,4.2,246,25,10.4,6,2.6,3.3,5.1,152
763,1601,880,0,8644,4,246,18,6.2,4.9,1.8,3.2,6.5,148
764,1602,552,0,5517,4.1,285,25,7.3,6.2,2.6,3.5,6.6,156
765,1603,458,1,4127,4.3,264,25,7.6,5.9,2.5,3.4,6.4,153
766,1604,487,0,6044,3.5,229,25,7.9,5.1,2.4,2.7,6.7,156
767,1605,540,0,6031,4.3,260,25,8,5.8,2.3,3.5,6.3,153
768,1606,790,0,7921,1.6,243,25,4.9,5,2.2,2.7,6.7,152
769,1607,500,14,6483,3.4,261,25,7.3,5.8,2.6,3.2,7.6,156
770,1608,985,5,2950,4.2,249,25,9.3,6.1,2.7,3.4,6.9,154
771,1609,392,0,3303,4.7,265,25,6.9,5.2,2.2,3.1,7.4,154
772,1610,514,12,6332,2.4,259,25,7.4,5.3,2.5,2.7,6.8,153
773,1611,494,4,4892,4.6,270,25,8.3,6.2,2.9,3.2,6.9,159
774,1612,474,0,5711,4.7,271,25,5.7,4.9,2.2,2.7,6.6,148
775,1613,490,1,4782,7.3,236,25,6,5.2,2.4,2.8,6.3,150
776,1614,606,7,6820,3.9,256,25,6.5,5.5,2.4,3.1,6.3,153
777,1615,482,0,4432,3,271,25,6.2,5.5,2.6,2.8,6.3,156
778,1616,460,0,2590,1.6,253,25,5.5,5.7,2,3.7,5.4,154
779,1617,482,0,6346,4.2,262,25,6.8,5.3,2.3,3,6,152
780,1618,420,4,4690,4.6,257,25,6.3,5.1,2.5,2.7,5.8,157
781,1619,280,8,527,5,285,11.9,7,3.8,1.5,2.3,5.4,146
782,1620,222,16,480,5.8,289,12,7.4,3.7,1.9,1.8,5.6,149
783,1621,195,8,469,4.9,284,11.8,7.7,3.3,1.7,1.6,6,148
784,1622,209,12,725,5.3,278,11.4,7.4,3.4,1.8,1.7,5.4,147
785,1623,221,9,740,4,274,12.3,7.9,3.7,2,1.7,5.7,147
786,1624,174,14,3229,10,250,12.4,5.2,2.6,2.3,0.3,6.4,149
787,1625,178,14,1929,6.1,248,12.6,4.6,2.9,2.5,0.4,6.3,150
788,1626,237,6,4821,7.5,221,10.3,7.2,2.7,2.7,0.1,8.2,147
789,1627,241,11,5455,9.5,269,12.1,8.5,2.9,2.6,0.3,9.7,155
790,1628,186,2,2855,6.6,216,12.3,6.3,2.7,2.2,0.5,6.2,147
791,1629,141,18,3754,3.4,260,10.3,5.5,1.5,0.8,,5.6,152
792,1630,155,5,1758,6.2,224,11.5,6.1,3.1,2.3,0.8,6,144
793,1631,212,16,1508,9.3,242,12.5,6.6,2.8,2.2,0.6,6.2,149
794,1632,163,12,3208,7.9,236,10.9,7.2,2.7,2.3,0.4,5.9,145
795,1633,205,8,1929,8.5,234,12.1,6,2.9,2.2,0.7,5.5,147
796,1634,196,2,1949,5.7,238,11.8,5.3,3,2.3,0.7,7,146
797,1635,173,12,1881,6,240,11.9,5.3,3,2.1,0.9,6.6,146
798,1636,246,0,2494,4.1,216,10,6.7,2.7,2.8,0,8.2,149
799,1637,213,12,1389,8.1,214,11.5,7.5,2.9,2.7,0.2,7.4,146
800,1638,182,0,2747,3.8,227,11.2,4.1,2.3,1.6,0.7,6.4,144
801,1639,171,0,2475,5,235,11.3,6.6,2.6,1.9,0.8,6.4,147
802,1640,186,18,2553,6.7,238,11.7,6.5,2.7,2,0.7,5.7,146
803,1641,185,0,2081,3.6,215,11.3,4.3,2.7,2,0.7,5.3,144
804,1642,203,12,1292,2.6,228,11.3,4.4,2.6,1.8,0.8,6.2,145
805,1643,202,9,1820,6.1,236,12.2,6.5,3,2.1,0.9,6.6,151
806,1644,175,17,2819,9.1,249,11.8,7.3,2.7,2.8,0,6.7,152
807,1645,201,9,2072,11.2,198,11.6,5.5,3.1,2.6,0.4,7.3,147
808,1646,207,14,1583,7,251,11.7,6.6,2.8,2.6,0.1,6.6,148
809,1647,185,15,2018,5.3,239,11.7,7,2.7,2.7,0,6.7,149
810,1648,143,10,1571,6.3,264,11.3,5.2,2.1,2.2,0,6.1,145
811,1649,202,7,3488,5.8,229,11.5,6,2.7,2.1,0.7,6.5,155
812,1650,266,10,6510,5.5,261,12,8.7,2.6,2.2,0.4,8.2,151
813,1651,155,14,1602,6,238,12.2,6.2,2.3,2.1,0.3,6.6,145
814,1652,180,9,2405,4.6,253,11.3,6.5,2.4,1.9,0.4,5.8,148
815,1653,187,0,2182,4.3,232,11.1,7.2,2.6,2.3,0.3,9.5,151
816,1654,172,3,1664,8.1,245,11.7,6.2,2.9,2.4,0.5,6.1,146
817,1655,173,21,2281,8,248,12,6.6,2.7,2.6,0,6.7,147
818,1656,169,0,1112,6.8,212,10.8,4.5,2.5,2,0.5,6.8,147
819,1657,189,22,1752,9.7,261,11.7,7.1,2.5,2.4,0.2,7.5,145
820,1658,179,10,2070,8.4,232,11.8,6.7,2.8,1.9,0.9,6.9,147
821,1659,187,19,1282,6.1,251,12.1,5.5,2.4,1.9,0.5,6.1,145
822,1660,191,18,3042,6.8,220,11.5,6.1,2.3,2.1,0.3,6.8,149
823,1661,185,0,1876,5.8,214,11.4,5.4,2.8,2.1,0.7,6.3,149
824,1662,172,0,3446,5.7,239,11,5.4,2.3,2.1,0.2,5.9,147
825,1663,321,8,14001,3.8,225,10.2,7.4,2.5,2.3,0.2,8.4,147
826,1664,521,44,14001,3.7,236,11,8.8,2.6,2.6,0,10.8,148
827,1665,257,12,2496,3.6,242,11.5,7.2,2.7,2.6,0.1,9.6,152
828,1666,156,18,1983,7.1,223,11.9,7.8,2.5,2.3,0.3,6.5,151
829,1667,174,54,1300,5.4,228,12,5.4,2.5,2.2,0.3,6.3,143
830,1668,163,0,1087,7.5,275,12.1,7.1,2.9,2,0.9,6.8,153
831,1669,197,37,1719,6,241,11.4,7,3.2,2.2,0.9,6.4,146
832,1670,190,29,1559,9.8,251,11.1,6,3.4,1.8,1.6,7.1,146
833,1671,174,44,1858,5.9,258,12.5,6.7,2.3,1.8,0.6,6.5,156
834,1672,172,23,2062,8.7,239,12.5,6.7,2.5,1.9,0.6,7.3,155
835,1673,162,8,1899,8.5,249,11.7,6.4,2.7,2.4,0.3,6.7,147
836,1674,158,7,1681,4.7,230,10.7,4.7,2.1,2.3,0,7.2,148
837,1675,178,9,1251,3.9,218,11.9,6.2,2.8,2.7,0.1,6.5,148
838,1676,199,31,2816,3.6,214,11.2,6.2,2.8,2.3,0.5,7.3,142
839,1677,172,0,2252,4.1,217,10.8,5.7,2.5,1.9,0.6,6.8,146
840,1678,201,1,3031,5.6,229,12.1,4.7,2.7,2.2,0.5,6,150
841,1679,210,4,5668,8.1,252,11.1,7.2,2.8,2.2,0.7,8.3,151
842,1680,174,16,2099,6.9,239,11.4,5.4,2.6,1.8,0.8,6.5,146
843,1681,177,12,1529,5.2,250,12.2,6.4,2.8,2.3,0.5,6.2,147
844,1682,191,34,3516,5.8,233,11.5,5.8,2.8,2.8,0,6,147
845,1683,209,2,2607,5.2,349,12,5.6,2.6,2.5,0.1,6.1,145
846,1684,199,18,1779,9.3,253,11.9,7,2.8,2.2,0.6,6.5,149
847,1685,172,42,1307,8.1,245,12.1,6.1,2.8,2.2,0.6,5.7,149
848,1686,204,23,3776,6.1,235,12.6,5,2.5,2.2,0.3,6.1,148
849,1687,193,11,1853,6.5,226,11.5,5.1,2.5,1.9,0.6,6.1,147
850,1688,182,17,3167,5.6,229,11.8,5.2,2.6,1.8,0.8,6.4,146
851,1689,163,2,2213,5.3,224,11.1,6,2.5,1.8,0.7,6.1,145
852,1690,182,2,1696,9.4,235,11.3,7.1,2.5,2.1,0.3,7,147
853,1691,204,11,3062,4.1,220,11.8,7,2.7,2.3,0.4,6.7,146
854,1692,188,24,1459,4.4,245,11.3,5.2,2.3,2.3,0.1,6.8,147
855,1693,225,4,1545,5.6,227,11.2,6.3,2.8,2.6,0.2,7.4,149
856,1694,193,9,3573,4.5,212,11.4,4.5,2.4,1.7,0.7,5.5,145
857,1695,182,3,1616,5,207,10.7,4.8,2.4,1.6,0.8,6.6,147
858,1696,253,0,7750,4.8,229,11.5,8.4,2.6,2.2,0.4,8.6,150
859,1697,215,12,1315,6.4,232,11,5.2,2.7,2,0.7,6.3,146
860,1698,586,36,3347,8,291,14,10,2.8,2.3,0.5,12.1,158
861,1699,308,6,6871,4.5,240,11.5,6.7,3,2.5,0.5,9,148
862,1700,270,11,14001,7.5,246,12.7,7.3,3.2,2.7,0.4,9.9,152
863,1701,271,5,14001,5.8,242,13,6.7,3.3,2.6,0.7,9.2,149
864,1702,187,1,3536,5.5,280,12.3,6.1,3,2.5,0.5,6.1,149
865,1703,297,14,7762,5.4,286,12.4,8.5,2.6,2.1,0.5,10.7,150
866,1704,152,14,2034,8.8,238,11.9,6.5,3.5,2.3,1.2,6.3,146
867,1705,195,18,4721,7.2,236,11.8,6.6,3.7,2.1,1.6,6.6,149
868,1706,188,37,8580,7.3,274,11.5,8.4,2.7,2.3,0.5,6.3,151
869,1707,228,11,6742,6.2,217,12.5,7.4,3.1,2.5,0.5,6.1,152
870,1708,184,44,7032,4.2,223,12.4,8.4,3.2,2.4,0.8,6.8,144
871,1709,255,4,6511,6.3,216,12,7.1,3,2.3,0.7,8.6,148
872,1710,194,10,6493,4.7,215,11.9,6.5,3,2.4,0.6,7.1,150
873,1711,198,23,3614,11.7,257,13,7.2,3.2,2.4,0.7,6.5,146
874,1712,242,14,7182,3.6,213,11.7,6.5,3.3,2.6,0.7,7,152
875,1713,247,0,9321,7.7,234,11,7.1,3.1,2.5,0.6,8.3,151
876,1714,218,0,6922,7.1,232,12.4,7.9,3.1,2.5,0.6,7,150
877,1715,197,21,6725,10.8,222,12.2,7.4,3.2,2.5,0.7,6.5,148
878,1716,204,13,5136,5.5,232,12.5,7.4,3.3,2.6,0.7,6.5,149
879,1717,177,2,3119,5.5,236,11.8,7.1,2.6,2.5,0.2,8.4,153
880,1718,182,32,5505,8.2,279,11.8,8,2.9,2.6,0.4,7.9,153
881,1719,189,5,2087,3.6,240,12,7.6,3,2.4,0.6,6.6,146
882,1720,228,34,8861,5,251,12.5,7.2,2.8,2.3,0.5,7.9,151
883,1721,185,6,4629,4.9,236,11.6,7.6,2.8,2.1,0.6,5.6,145
884,1722,223,6,7001,4.2,236,11.6,7.5,2.6,2.1,0.5,7.5,149
885,1723,214,0,7900,5.1,218,11.6,11.1,2.6,2.2,0.4,8.6,149
886,1724,182,26,4864,5.6,252,12.3,8.1,2.8,2.5,0.3,6.2,149
887,1725,221,6,4884,4.4,238,13.9,7.7,3.2,2.3,0.9,7.1,157
888,1726,212,9,4261,5.4,245,11.8,10,2.9,2.4,0.5,9.2,158
889,1727,252,14,9345,4.5,256,11.4,6.9,2.4,2,0.4,7.7,148
890,1728,196,11,4587,8.3,248,12.9,7.5,3.2,2.6,0.6,7.5,159
891,1729,238,14,5355,5.9,232,11.7,6.5,2.7,2.3,0.4,6.1,151
892,1730,213,4,7426,4.2,261,11.2,7,2.8,2.4,0.4,6.7,149
893,1731,201,10,5656,4.3,233,12.4,6.4,2.9,2.4,0.5,5.9,150
894,1732,205,7,5365,6.5,218,12.2,8.2,3.6,2.8,0.8,7.1,150
895,1733,217,2,6249,4.1,243,11.7,8.5,3.1,2.5,0.6,7.8,151
896,1734,177,0,3728,7.3,230,12.6,7.7,3.2,2.4,0.8,6.2,149
897,1735,212,17,7142,6.4,246,11.6,6.6,2.7,2.1,0.6,7.7,147
898,1736,217,0,6661,5,253,11.2,6.3,3.1,2.6,0.6,7.5,151
899,1737,221,12,6739,4.9,253,11.8,7,2.7,2.4,0.4,8.4,150
900,1738,179,16,5514,8.4,277,12,7.1,2.6,2.1,0.5,6.1,148
901,1739,140,0,2544,9.9,245,12.4,7.2,3.6,2.1,1.5,5.6,149
902,1740,176,21,2623,7.8,236,11.2,6.8,3.4,2.5,0.9,7.3,148
903,1741,210,27,4911,8.2,259,11.6,7.4,3.2,2.3,0.9,7.5,149
904,1742,159,8,2274,5.4,229,12.1,6,2.9,2,0.9,5.5,147
905,1743,178,22,5325,5.4,225,12,7.7,2.7,2.3,0.4,6.1,146
906,1744,221,6,7881,5.4,231,10.6,10.4,2.8,2.3,0.5,7.7,149
907,1745,156,18,3730,7.9,234,12.4,8.2,3.1,2.3,0.8,5.6,148
908,1746,179,35,3864,5.3,230,10.6,7.9,2.7,2.1,0.6,6,147
909,1747,181,24,3503,6.7,268,12,7.2,2.9,2.3,0.6,6.3,148
910,1748,210,5,7141,4.1,242,11.7,7.3,2.8,2.2,0.6,6.6,147
911,1749,196,4,5260,7.1,219,11.9,7.2,2.7,2.3,0.4,6.3,147
912,1750,151,41,2691,6.8,229,12.1,8.3,3,2.4,0.6,5.9,148
913,1751,188,23,5371,7.6,225,12.3,6.8,3.2,2.6,0.5,6.2,147
914,1752,223,13,8969,8.5,237,12.5,6.8,3,2.5,0.5,7.1,148
915,1753,216,7,5313,6.4,258,12.2,8.2,2.7,2.2,0.5,9.3,154
916,1754,475,10,2890,7.3,252,12,7.3,2.9,2.4,0.5,12.1,152
917,1755,252,24,5472,6.7,245,11.4,6.9,2.8,2.4,0.4,7.8,150
918,1756,610,3,14001,6.6,223,11.5,5.9,2.7,2.2,0.6,12.1,147
919,1757,163,22,2354,4.8,241,12.9,8.5,3.2,2.5,0.7,6,152
920,1758,217,14,5403,3.9,246,11.9,7.7,3.1,2.5,0.6,7.2,151
921,1759,205,20,7014,7.1,233,11.8,7.6,3,2.5,0.5,6.9,148
922,1760,252,36,7863,5.9,253,11.8,6.7,2.7,2.1,0.7,10.2,154
923,1761,183,27,4793,5,229,12.4,7.8,2.9,2.3,0.5,6.3,153
924,1762,201,1,6495,5.2,209,10.8,8.9,2.6,2.2,0.4,7,149
925,1763,168,2,3543,3.8,227,12,9.3,2.9,2.3,0.6,5.5,149
926,1764,188,0,5350,5.1,216,11.2,9.2,2.5,2.6,0,7.8,147
927,1765,458,9,14001,8,234,11.7,7.5,2.9,2.5,0.4,11.7,149
928,1766,437,10,14001,6.1,218,12.5,6.9,3,2.4,0.7,10.6,147
929,1767,171,2,3442,7.3,228,11.7,7.2,2.9,2.2,0.7,5.9,148
930,1768,184,3,2698,6.5,240,12.2,6.6,2.8,2.1,0.7,4.8,151
931,1769,186,5,4318,5.2,224,11.9,6.1,2.8,2.3,0.4,6.1,150
932,1770,306,13,8413,6.3,239,11.5,5.8,3.4,2.6,0.8,9.1,150
933,1771,488,7,14001,8.5,218,12,7,3.4,2.4,1,12.1,150
934,1772,717,1,14001,8.2,236,12.4,6.4,3.9,2.9,1,12.1,151
935,1773,858,15,11370,9.2,215,11.6,7.6,3.3,2.4,0.9,7.7,154
936,1774,314,5,14001,10.3,249,11.3,7.1,3.1,2.3,0.8,9.4,147
937,1775,243,10,7562,7.4,264,13,6.8,3.6,2.6,1,8.5,153
938,1776,821,14,6890,6.6,236,12.1,7.4,3.8,2.4,1.4,11.2,150
939,1777,915,7,14001,7.8,222,12.4,6.3,3.6,2.6,1,5.4,148
940,1778,445,14,14001,11.6,234,11.4,7.2,3.3,2.4,0.9,12.1,148
941,1779,224,0,6792,8.7,235,11.5,6.7,3.2,2.4,0.7,5.1,149
942,1780,248,3,10000,6.5,229,11.6,6.7,3.3,2.4,0.8,7.8,151
943,1781,482,4,12460,5.2,220,12,6.4,3.1,2.3,0.8,12.1,151
944,1782,245,0,7006,7.1,240,11.6,6.5,3.5,2.5,1,6.6,149
945,1783,432,3,14001,7.5,213,11.9,6.3,3.4,2.4,1.1,12.1,149
946,1784,618,14,14001,8,229,11.9,7.1,3.4,2.5,0.9,10.3,148
947,1785,225,50,6975,9.3,235,11.5,7.6,3.4,2.6,0.8,6.2,150
948,1786,316,14,14001,6,248,11.9,6.8,3.4,2.4,1,9.2,147
949,1787,456,7,14001,8.1,223,12.2,7.5,3.7,2.6,1.1,11.6,151
950,1788,576,8,14001,5.4,232,11.6,7.1,3,2.4,0.6,12.1,149
951,1789,256,8,8764,6.3,270,12.6,7.9,3.5,2.6,0.9,10.3,154
952,1790,568,9,14001,7.8,269,12.3,7.5,3.6,2.5,1.1,10.6,152
953,1791,409,0,12200,3.9,374,11.5,6.1,3.8,2.1,1.7,10.4,147
954,1792,434,15,9250,8,233,10.9,9,3.1,2.9,0.2,12.1,150
955,1793,499,4,14001,5.7,254,11.5,6.7,3.1,2.4,0.7,12.1,150
956,1794,343,17,14001,4.1,260,11.2,8,2.8,2.2,0.6,11.6,147
957,1795,317,1,14001,4,268,11.4,5.9,3.2,2.5,0.8,8.5,148
958,1796,506,5,14001,7.3,247,12.1,6.7,3.5,2.4,1.1,11.7,151
959,1797,551,1,14001,6,258,11.9,6.3,3.2,2.5,0.7,12.1,146
960,1798,269,21,9502,5.1,263,11.6,7.2,3.2,2.4,0.7,7.1,149
961,1799,620,18,14001,7.6,241,11.9,6.8,3.3,2.5,0.8,10.5,149
962,1800,515,17,14001,8.7,227,11.8,7.1,3.3,2.2,1.2,12.1,147
963,1801,414,7,14001,9.4,262,11.9,6.1,3,2.3,0.7,10.4,148
964,1802,668,3,14001,4.5,225,11.8,7.1,3,2.2,0.8,7.2,151
965,1803,342,0,14001,5.1,215,11.8,7.4,3,2.3,0.6,10.2,149
966,1804,427,8,14001,4.1,227,12.1,8,3.1,2.4,0.7,12.1,151
967,1805,324,15,14001,7.6,244,11.8,8.2,3,2.5,0.5,10.9,149
968,1806,609,6,11000,5.2,224,11.7,7.9,3,2.2,0.9,10.9,152
969,1807,498,4,14001,6,236,10.8,8.6,3.3,2.4,1,12.1,150
970,1808,330,8,14001,7.3,250,11.7,7.8,3.4,2.4,1,12.1,151
971,1809,812,3,7660,4.7,206,9.9,10.8,3.1,2.3,0.8,3.3,152
972,1810,708,0,14001,4.5,241,11.9,7.3,3.1,2.4,0.7,6.5,149
973,1811,391,9,14001,4.7,233,11.8,6.1,3.3,2.4,1,12.1,150
974,1812,912,24,14001,7.7,266,12.5,7.4,3.2,2.3,0.9,2.2,149
975,1813,745,6,14001,3.4,225,11.7,7.7,3.7,2.4,1.3,7.5,151
976,1814,353,12,14001,8.6,238,12.2,7.4,3.2,2.3,0.9,12.1,148
977,1815,225,1,8251,5,233,11.3,7.6,3,2.2,0.8,7.7,149
978,1816,402,0,14001,6,229,11.3,7.6,3.3,2.3,1,12.1,146
979,1817,322,8,14001,6.9,243,11.8,6.3,3.1,2.5,0.6,9.5,149
980,1818,628,9,0,7.5,226,11.1,8.3,3.4,2.3,1.1,7.1,151
981,1819,736,4,14001,7.8,245,12.2,7.4,3.2,2.2,0.9,7.5,152
982,1820,805,9,14001,4.3,231,12.5,7.2,3.1,2.3,0.8,8.8,148
983,1821,380,9,14001,7.8,260,11.7,7.1,3,2.3,0.7,12.1,151
984,1822,460,5,14001,7.8,221,12.2,8.1,3.2,2.4,0.8,12,150
985,1823,513,10,14001,8,222,11.5,7.5,3.3,2.3,1,12.1,147
986,1824,441,8,14001,6.5,211,11.7,7.4,3.2,2.4,0.9,12.1,149
987,1825,427,0,14001,5.6,235,12.1,7.1,3.2,2.3,0.9,12.1,150
988,1826,636,11,14001,7.3,218,12.2,7.2,3.3,2.4,1,12.1,146
989,1827,390,0,14001,5.6,208,10.4,9.3,3,2.3,0.7,12.1,151
990,1828,285,9,7303,7.2,245,11.4,7.2,3.3,2.7,0.7,8.2,151
991,1829,334,22,3060,6.5,225,11.2,7.6,2.9,2.1,0.8,12.1,152
992,1830,657,8,14001,4.8,244,11.4,6.8,3.1,2.3,0.8,7.9,149
993,1831,445,3,14001,9.2,226,12,6.8,3.4,2.6,0.8,12.1,153
994,1832,258,5,6017,9.1,232,11.5,6.8,3.4,2.6,0.8,8.3,149
995,1833,527,12,14001,8.9,226,12.1,6.5,3.3,2.4,0.9,12.1,150
996,1834,318,10,14001,8.5,244,11.6,6.8,3.2,2.2,0.9,9.1,150
997,1835,367,18,14001,4.3,241,11.4,7.1,3.1,2.3,0.9,10.1,150
998,1836,343,14,9000,8.7,218,11.6,7.8,3.4,2.7,0.7,11.1,151
999,1837,1181,10,14001,8.1,233,11.3,7.3,3.2,2.4,0.7,3.6,148
1000,1838,429,13,14001,6.2,218,11.5,7.2,3,2.4,0.6,10,149
1001,1839,431,11,471,6.9,230,12,6.8,3.5,2.6,0.9,11.5,149
1002,1840,451,8,14001,8.1,238,11.5,6.6,3.1,2.4,0.7,12.1,151
1003,1841,695,5,3904,7.1,230,11.5,7,2.9,2.1,0.8,12.1,148
1004,1842,566,20,14001,10.5,238,11.5,7.5,3.1,2.5,0.6,12.1,148
1005,1843,505,20,14001,8.2,227,11.4,7.9,3,2.4,0.6,12.1,152
1006,1844,787,1,14001,7.4,221,11.9,7.4,3.1,2.2,1,7,148
1007,1845,752,0,14001,7.9,225,11.7,8.4,3,2.2,0.8,10.1,151
1008,1846,708,10,14001,7.6,237,12.3,7.7,3.4,2.5,1,12.1,147
1009,1847,432,31,14001,3.9,225,11.1,8.5,3.5,2.7,0.7,12.1,150
1010,1848,681,2,14001,5.8,228,11.8,6.9,3.8,2.8,1,7.7,149
1011,1849,1041,0,14001,3,208,11,8.3,3.3,2.4,1,12.1,154
1012,1850,933,3,14001,5.4,249,11.9,8,3.5,2.3,1.2,,157
1013,1851,614,19,14001,3.5,257,12.3,7.4,3.3,2.3,1,12.1,150
1014,1852,788,2,14001,7.3,234,11.3,7.5,3,2.2,0.8,11.6,152
1015,1853,427,21,14001,4.6,254,11.4,7,2.9,2.3,0.6,10.5,147
1016,1854,1060,15,14001,5,228,10.9,7.3,3.2,2.4,0.8,0.4,151
1017,1855,415,21,14001,6.3,254,11.8,7.3,3.1,2.4,0.7,10.1,148
1018,1856,1071,13,14001,5.9,231,11.6,6.8,3.3,2.4,0.9,2.5,152
1019,1857,818,6,14001,6.9,231,10.8,8.2,3.3,2.4,0.9,9.5,149
1020,1858,855,8,14001,5.9,227,12,7.7,3.5,2.6,0.9,4.8,149
1021,1859,479,28,14001,6.5,256,10.9,6.9,3.2,2.5,0.7,12.1,148
1022,1860,856,0,14001,5.1,204,9.6,9.6,3.4,2.5,0.9,1,150
1023,1861,861,26,14001,3.7,246,11.8,7.7,3,2.2,0.8,3.1,149
1024,1862,977,18,14001,7,219,11.8,7,3.2,2.9,0.3,2.5,149
1025,1863,365,13,14001,5.9,226,11.7,7.8,3,2.4,0.6,10.7,147
1026,1864,432,10,14001,3.7,242,11.6,8.2,3.3,2.4,0.9,12.1,152
1027,1865,438,0,14001,6.7,222,11.6,8.2,3.6,2.5,1.1,11.9,152
1028,1866,546,6,9710,2.7,262,11.6,7.8,3.2,2.1,1,12.1,150
1029,1867,590,8,14001,4,243,11.1,7.6,3,2.3,0.7,12.1,151
1030,1868,286,0,9849,3.3,266,11.6,6.6,3.9,2.5,1.4,8.2,150
1031,1869,365,0,14001,4.2,249,11.5,8.6,3.1,2.2,1,12.1,153
1032,1870,2210,0,14001,7.9,223,10.7,7.9,3.5,2,1.4,12.1,143
1033,1871,1089,0,14001,3.2,233,11,6.9,3.2,2.1,1,9.2,149
1034,1872,716,0,14001,2.3,222,11.3,7.1,3.5,2.3,1.1,12.1,149
1035,1873,260,3,9736,3.6,210,10,11.6,2.7,2,0.7,9.6,151
1036,1874,590,0,14001,1.1,221,11.4,6.9,3,2.3,0.6,10.7,152
1037,1875,529,14,14001,1.3,242,11,7,2.6,2,0.6,12.1,150
1038,1876,455,4,14001,3,246,10.5,6.5,2.9,2.2,0.8,12.1,148
1039,1877,770,0,14001,1.7,216,10.2,6.3,3,2.3,0.8,12.1,149
1040,1878,743,25,14001,3.2,220,11.8,6.5,3.1,2.1,1,12.1,144
1041,1879,852,0,14001,3.9,238,11,6.2,2.8,2.1,0.7,9.6,148
1042,1880,564,0,14001,2.5,228,11,7.3,3.2,2.5,0.7,12.1,148
1043,1881,737,0,14001,1.1,198,10.8,7.5,3.8,2.5,1.3,12.1,146
1044,1882,768,6,14001,3.4,231,11.4,8.4,3.3,2.5,0.8,7.8,148
1045,1883,1007,4,14001,3.6,219,11.5,8.3,3.4,2.4,1,2.2,146
1046,1884,999,0,14001,1.6,214,12.5,7.1,3.2,2.4,0.8,12.1,152
1047,1885,858,0,14001,1.9,219,11.4,8,3.4,2.3,1.1,12.1,147
1048,1886,352,0,14001,4.2,245,12.1,7.8,3.4,2.5,0.9,11.1,158
1049,1887,772,6,14001,6.8,231,10.7,7.7,2.9,2.2,0.7,10.6,153
1050,1888,743,2,14001,2.9,239,11.4,8.2,2.9,2,0.9,2.5,153
1051,1889,723,0,14001,3.8,263,11.6,7.5,3.3,2.3,1,5.8,149
1052,1890,815,8,14001,5.8,246,11,7.2,2.7,2,0.7,7.5,147
1053,1891,376,7,14001,5.3,251,10.5,8.9,3.1,2.1,1.1,11.9,151
1054,1892,395,3,14001,1.7,214,10.6,10.6,2.9,2.2,0.7,12.1,155
1055,1893,928,12,14001,5.5,221,10.3,12,2.9,2.1,0.8,1.2,154
1056,1894,886,17,14001,4,251,11.4,7.3,3.4,2.3,1.1,9.8,145
1057,1895,690,5,14001,4.5,254,11,7.2,2.6,2.1,0.5,10.2,148
1058,1896,382,0,14001,1.6,234,11.4,6.4,3.3,2.3,1,9.2,150
1059,1897,658,0,14001,4.5,226,10.4,9.1,2.9,2.7,0.1,10.2,153
1060,1898,715,2,14001,3.6,247,11.3,6.9,3.1,2.2,0.9,12.1,147
1061,1899,807,0,14001,2,294,10.5,7,2.8,2.1,0.7,11.8,147
1062,1900,479,0,14001,2.8,217,11.1,6.6,3.5,2.4,1.1,12.1,146
1063,1901,396,15,7610,5.9,261,11.1,7.4,3.1,2.2,0.8,10.4,146
1064,1902,979,0,5550,4.3,232,12.1,7.2,3.3,2.3,0.9,3.9,157
1065,1903,655,14,1638,5.5,265,10.5,6.3,2.8,2,0.7,9.2,145
1066,1904,848,1,14001,4.1,232,12.1,8.6,3.1,2.2,0.9,7.7,156
1067,1905,654,0,14001,2.9,219,11.6,7.6,3.1,2.2,1,12.1,151
1068,1906,671,6,14001,5.6,228,11.7,6.6,3.5,2.6,0.9,11.8,151
1069,1907,502,25,14001,7.7,222,11.7,6.4,3.8,2.7,1.1,12.1,150
1070,1908,485,1,14001,5.5,234,10.2,10.1,3.1,2.3,0.7,12.1,150
1071,1909,534,3,14001,4,225,11.7,6.7,3.5,2.5,1.1,12.1,149
1072,1910,770,3,14001,5.8,239,11.2,8,3.3,2.3,1,7.1,151
1073,1911,280,29,9277,7.5,251,10.2,7.1,3.2,2.5,0.7,7.3,151
1074,1912,514,21,9190,2.4,222,10.4,9.3,2.7,2.1,0.6,12.1,152
1075,1913,620,37,14001,3,234,12,8.1,3.4,2.3,1,12.1,151
1076,1914,1349,2,6300,6,217,11.5,7.5,3.5,2.8,0.7,12.1,151
1077,1915,406,4,14001,6.5,224,11.9,7.4,3.6,2.6,0.9,10.7,147
1078,1916,781,0,14001,4.1,225,11.6,7.3,3.2,2.4,0.7,9.3,150
1079,1917,776,1,14001,5.4,218,11.1,7.5,3,2.3,0.7,10.3,149
1080,1918,607,0,14001,4.3,221,11.1,7.3,3.1,2.3,0.8,11.6,146
1081,1919,674,3,14001,6.6,232,10.9,7.5,3.1,2.2,0.9,12.1,148
1082,1920,480,0,14001,4.1,229,11.2,6.8,3.4,2.7,0.7,12.1,148
1083,1921,683,0,14001,4.1,226,12.3,6.8,3.5,2.5,1,12.1,152
1084,1922,367,19,14001,10.6,255,12.9,12.9,3.1,2.4,0.7,12.1,163
1085,1923,654,4,14001,3.8,231,12,7.6,3.6,2.6,1,9.8,150
1086,1924,629,33,3700,13,231,10.9,12.5,2.9,2.4,0.5,5.9,145
1087,1925,149,28,2129,13.8,248,11.3,8.8,2.6,2.3,0.3,5,144
1088,1926,290,8,5901,3.3,103,4.9,9.1,1.2,0.8,0,7.3,151
1089,1927,152,3,1493,6.8,181,9.1,16.7,2.2,1.8,0.5,5.6,148
1090,1928,123,15,891,7.3,215,10.5,13.4,2.6,2,0.6,6.4,145
1091,1929,589,20,1811,8.9,245,9.4,15.4,2.4,2,0.4,6.6,148
1092,1930,125,24,1386,6.3,215,9.8,13.7,2.3,2,0.3,5,149
1093,1931,1837,32,5298,7.9,175,6.4,10.3,1.7,1.3,,8.1,149
1094,1932,213,9,746,7.9,212,10.4,12.2,2.7,2.2,0.6,4.6,145
1095,1933,147,11,2238,9.8,199,8.5,15.6,2,1.7,0,6.5,145
1096,1934,157,10,1101,8.2,235,10,10.1,2.3,2,0.3,4.8,145
1097,1935,103,0,1155,5.7,160,7.1,10.5,1.8,1.4,0,5.5,150
1098,1936,161,9,3086,13.7,237,9.4,13.9,2.4,1.9,0.6,5.8,146
1099,1937,127,0,576,4.9,141,6.8,9.5,1.5,1.1,,4.2,150
1100,1938,217,0,4804,3.3,85,4.5,8.5,1.1,0.8,,6,153
1101,1939,94,0,3096,4.5,114,5,9.5,1.2,0.8,0,5.9,151
1102,1940,271,0,3583,4.1,124,5.4,10,1.4,1.1,,5.9,148
1103,1941,128,7,2062,6,203,9.2,13,2.4,1.9,0.5,5.7,147
1104,1942,118,6,1444,10.9,202,10.3,12.9,2.4,1.9,0.4,6.5,149
1105,1943,68,0,437,2.5,72,5.1,7.7,1.2,1,0,6.1,151
1106,1944,141,5,699,7.9,248,10.7,9.6,2.4,2.1,0.3,4.4,145
1107,1945,75,0,5211,2.3,66,3.8,7.9,1,0.6,0,6,151
1108,1946,151,4,1346,12.1,225,10,12.6,2.5,2.1,0.4,4.3,148
1109,1947,135,0,1027,10.8,271,11,9.8,2.5,2,0.5,6.8,147
1110,1948,159,0,1400,7.6,216,10.6,9.2,2.4,2.6,0,6.6,151
1111,1949,183,2,5539,11.6,251,10.8,8.9,2.3,2.1,0.2,6.9,148
1112,1950,621,3,2513,2.9,117,4.1,8.2,1.1,0.8,0,6.2,152
1113,1951,171,13,1771,7.5,200,10.4,14.3,2.5,2.2,0.3,3.9,148
1114,1952,147,20,940,13.7,219,10.9,12.7,2.9,2.3,0.6,4.1,146
1115,1953,142,9,1104,8.4,238,10.3,10.5,2.5,2,0.5,6.1,148
1116,1954,143,8,947,11,235,11.7,9.7,2.5,2,0.4,4,147
1117,1955,171,4,2732,12.9,243,11.4,9.8,2.6,2.1,0.5,4.9,148
1118,1956,123,2,2007,6.4,217,9.8,15.8,2.2,2,0.2,6.1,150
1119,1957,142,1,1067,9.4,234,10.8,11.4,2.6,2.1,0.5,5.5,147
1120,1958,125,9,896,7.3,184,9.5,12.9,2.8,1.6,1.2,5.1,144
1121,1959,142,6,1288,7.1,224,10.4,10.1,2.7,2.2,0.5,3.1,144
1122,1960,147,0,2482,4.4,188,9.5,13.5,2.3,1.8,0.6,3.2,146
1123,1961,139,6,1296,8.7,226,10.6,10.8,2.6,2,0.6,3.8,144
1124,1962,128,0,1383,5.1,162,7.5,18.2,1.7,1.4,,5.7,157
1125,1963,152,0,710,6.4,190,9.6,13.9,2.5,2,0.5,5.6,148
1126,1964,206,2,3730,5.4,106,4.5,8.5,1.3,1.1,,6.3,151
1127,1965,175,8,1567,6.1,200,10.8,7.5,2.8,2.4,0.4,4.6,146
1128,1966,269,0,7537,5.1,255,10.3,8,3,2.4,0.5,6.7,138
1129,1967,151,4,895,3.8,231,11.4,7.8,3.2,2.2,1,5.4,150
1130,1968,163,5,1629,8.6,257,10.7,11,2.8,2.1,0.6,7.7,151
1131,1969,211,0,1901,4.8,245,11.2,6.7,2.7,1.9,0.8,6.2,146
1132,1970,178,0,1456,10.3,248,11.6,11.1,2.8,2.1,0.7,9.5,155
1133,1971,181,0,3463,12.4,228,10.2,14.6,2.5,2,0.5,7.4,152
1134,1972,167,11,1820,3.4,616,10.9,8.4,2.7,2,0.6,4.8,139
1135,1973,155,14,1472,7.6,262,13,8.6,2.6,2.4,0.2,4.8,149
1136,1974,148,8,2184,9.7,216,9.8,12.9,2.4,2.1,0.3,6.9,151
1137,1975,190,0,1483,5.3,235,10.9,9,2.5,2.1,0.4,7,147
1138,1976,149,1,5397,7.8,151,7.7,9.5,1.8,1.4,0,6,150
1139,1977,178,0,1165,10.7,264,10.7,8,2.6,2.2,0.4,5.3,147
1140,1978,186,20,4347,13,214,11.3,7.5,2.5,2.2,0.3,6.5,150
1141,1979,218,1,7222,4.2,219,10.2,8.3,2.5,2,0.5,8.2,149
1142,1980,206,0,1406,8.5,326,12.9,7.4,2.3,1.6,0.7,6.1,148
1143,1981,170,0,990,6,227,11.1,9.3,2.6,2,0.6,6.4,148
1144,1982,210,0,3898,4.1,245,11.7,8.2,3,2.5,0.5,6.7,144
1145,1983,227,0,1558,7.4,243,10.5,10.1,2.7,2.2,0.5,7,148
1146,1984,229,0,1486,5,230,9.7,7,2.8,2.2,0.6,7,142
1147,1985,146,0,903,6.4,228,10.9,10.8,2.7,1.8,0.9,6.6,148
1148,1986,181,0,5172,5.5,233,11.5,7.8,2.9,2,0.9,6.1,146
1149,1987,469,1,1233,15,234,10.7,9,2.5,1.6,0.9,7.2,142
1150,1988,209,4,3975,8.2,255,12.1,7.8,3.2,2.9,0.2,6.5,147
1151,1989,171,3,3504,6.8,228,11.4,8.4,2.9,2.3,0.7,6.2,147
1152,1990,177,0,1609,3.9,216,10.4,7.9,2.7,2,0.7,6,146
1153,1991,162,1,1996,4.5,234,11.5,8.6,3,2.2,0.8,5.5,144
1154,1992,181,1,1444,4.5,201,10.9,7.3,2.7,1.9,0.9,4.7,146
1155,1993,141,0,1287,5,231,2.3,7.2,2.5,1.9,0.7,12.1,161
1156,1994,497,0,14001,5.7,208,11,10.4,2.8,2.1,0.7,12.1,150
1157,1995,168,0,3477,7.4,220,12.6,7.1,3.5,2.6,0.9,7.5,150
1158,1996,174,9,3234,3.4,269,10.6,10.4,2.6,2,0.6,7.3,146
1159,1997,211,0,9225,3.6,226,12.1,7.2,3.1,2.5,0.6,7.6,147
1160,1998,172,0,3966,4.1,178,9.1,15.2,2.4,1.6,0.8,6.4,149
1161,1999,180,0,2172,5.2,227,11.6,9.3,3,2,0.9,6.8,150
1162,2000,147,0,2311,5.2,192,9.9,12.2,2.5,1.8,0.7,6.5,146
1163,2001,152,3,1396,8.8,231,11.6,8.7,3.5,2.4,1.1,6.5,146
1164,2002,88,0,2478,2.4,116,5.3,10.1,1.4,1.1,0,7,152
1165,2003,149,0,3775,6.2,232,11.2,7.6,3,2.2,0.8,6.3,145
1166,2004,137,14,1802,8.8,262,12.5,9.9,3.2,2.1,1.1,7.5,147
1167,2005,144,5,4543,6.2,183,9.5,14.1,2.5,1.9,0.6,6.3,149
1168,2006,159,0,3218,7.8,198,11.1,8.3,2.9,2.2,0.8,6.6,148
1169,2007,169,5,1481,10.2,231,11.7,8.8,3.2,2.2,1,5.7,146
1170,2008,178,0,1405,6.1,210,10.2,9.5,2.9,1.8,1.1,6.1,147
1171,2009,301,0,14001,3.3,212,11.1,8.7,3.3,2.3,1,9.7,143
1172,2010,176,0,8063,3.9,160,8.3,14.8,2.4,1.7,0.7,8,150
1173,2011,208,0,9197,4.3,226,11.8,6,3,2.4,0.5,7.5,145
1174,2012,170,0,4715,7.5,233,12,9.1,3.5,2.5,1,6.7,151
1175,2013,210,0,7249,4.2,243,13.2,8.1,3.2,2.2,1,9.1,154
1176,2014,214,1,7568,5.9,210,10.9,8.7,2.9,2.3,0.6,6.9,148
1177,2015,242,0,8913,5.3,228,11.2,7.2,2.7,2.1,0.6,8.6,148
1178,2016,226,7,14001,6.6,262,11.3,7.4,3,2.4,0.6,8.7,146
1179,2017,404,0,14001,3.3,233,10.8,6.8,2.9,2.2,0.7,12.1,145
1180,2018,200,0,7502,4.1,238,10.6,9.5,3,2.2,0.8,7.9,148
1181,2019,247,0,8402,4.9,246,11.8,6.7,3,2.3,0.6,8.6,150
1182,2020,225,0,9613,8.7,247,12.2,7.6,3.2,2.4,0.8,8.1,151
1183,2021,169,0,5059,7.8,232,11.6,8.4,3.3,2.5,0.8,6.2,145
1184,2022,238,1,6677,3.2,244,12.1,8,3.1,2.4,0.7,8.2,148
1185,2023,305,1,14001,4.8,214,12.3,7,3.2,2.5,0.6,8.9,147
1186,2024,269,0,14001,3.8,247,12.3,7.9,3.4,2.8,0.6,9.3,151
1187,2025,160,0,6915,6.6,228,11.8,8.8,3.1,2.3,0.8,6.6,149
1188,2026,190,6,8240,6,264,11.4,6.3,3,2.4,0.6,6.8,148
1189,2027,286,18,14001,3.1,238,11.1,10.5,2.8,2.3,0.6,10.9,150
1190,2028,273,0,3846,6.6,235,12.2,6.2,3.4,2.5,0.8,8.6,144
1191,2029,299,3,4441,11.4,216,12.1,9.4,3.7,1.6,2.1,6.7,149
1192,2030,190,0,7390,3.7,206,9.8,9.3,2.8,2.2,0.6,7.1,147
1193,2031,345,0,6179,4.2,240,11.2,6.5,3.6,2.6,1,8.7,151
1194,2032,331,0,14001,3.7,230,11,8,3,2.1,1,9.9,148
1195,2033,295,0,7758,2.3,230,10.2,8,3.1,2.7,0.4,8.7,148
1196,2034,228,0,8762,5.7,240,11,8.7,2.7,2.2,0.5,7.9,148
1197,2035,182,9,5233,6.5,238,11,7.9,2.8,2.2,0.6,6.2,148
1198,2036,555,0,14001,6.1,214,11.8,6.6,3.3,2.6,0.7,12.1,152
1199,2037,436,0,14001,3.7,203,10.2,8,3.2,2.5,0.7,8.6,146
1200,2038,321,12,14001,5.9,256,11.7,8.2,2.9,2.3,0.6,9.8,150
1201,2039,595,7,14001,3.7,222,10.9,7.9,3,2.2,0.8,12.1,145
1202,2040,279,2,9824,8.4,235,11.4,6,3.1,2.5,0.6,5.7,146
1203,2041,222,0,7288,6.2,216,11.5,6.8,3.2,2.6,0.6,5.4,146
1204,2042,430,4,14001,6,212,10.6,8.3,3.2,2.4,0.9,10.4,147
1205,2043,213,22,9272,6.7,231,11.2,8.3,3,2.4,0.6,6.5,148
1206,2044,470,1,14001,8.8,239,11.8,7,3.2,2.3,0.9,12.1,149
1207,2045,602,25,14001,9.7,220,11.8,6.8,3.5,2.6,0.8,12.1,148
1208,2046,265,6,14001,5.6,230,10.2,8.8,2.8,2.3,0.5,8.1,148
1209,2047,239,18,8308,5,248,11.8,6.7,2.9,2.1,0.9,10.7,152
1210,2048,495,0,14001,7,223,11.2,6.5,3.3,2.5,0.8,12.1,148
1211,2049,231,0,5585,7.2,246,11.7,8,3.2,2.6,0.7,7,154
1212,2050,189,0,3808,4.8,193,9.1,14.1,2.5,2.1,0.5,5.8,151
1213,2051,246,11,7756,5.2,203,9.3,12.9,2.3,1.8,0.5,9,149
1214,2052,171,0,7352,8,146,7.9,7,2.2,1.8,0.3,6.3,148
1215,2053,460,16,14001,6.7,249,12.7,7.7,3.6,2.7,0.9,9,153
1216,2054,217,0,7718,6.4,223,10.4,7.2,2.8,2.3,0.4,5.8,147
1217,2055,278,13,14001,7.1,224,11.3,9.2,3.3,2.7,0.6,7.6,147
1218,2056,422,18,14001,3.9,217,11.5,6.3,3.3,2.4,0.9,12.1,152
1219,2057,316,17,14001,6,223,12.1,7.3,3.4,2.8,0.6,9.3,148
1220,2058,241,15,1242,4.9,284,12,6.9,3.2,2.1,1.1,6.4,154
1221,2059,216,8,645,3.3,273,10.9,7.1,3.3,2,1.3,5.7,153
1222,2060,234,9,963,4.1,268,11.2,6.9,3.5,2.3,1.2,6.4,153
1223,2061,214,14,1008,3.8,269,10.8,7.3,3.1,1.9,1.2,6.5,154
1224,2062,216,11,2613,2.7,272,10.5,6.7,3.3,2,1.3,7.1,152
1225,2063,233,25,1188,3.4,276,10.7,2.5,3,1.7,1.3,5.1,151
1226,2064,214,25,1374,4,291,10.9,3.4,3,1.8,1.2,5.2,151
1227,2065,243,13,1459,5.7,260,11.2,8,3.5,2.3,1.3,4.9,152
1228,2066,270,22,1544,3.9,267,11.2,2.9,3.3,1.7,1.6,5.8,153
1229,2067,225,9,1797,3.4,254,10.7,6.4,3.3,2,1.3,6,151
1230,2068,285,3,2038,3.5,287,11.3,9,3.7,2.4,1.3,6.4,152
1231,2069,343,12,3272,2.4,277,11.7,8.5,3.7,2.2,1.5,6.3,155
1232,2070,266,3,1079,2.2,273,11.6,8.1,3.7,2.3,1.4,5.8,155
1233,2071,287,29,1655,2.7,283,11.7,8.4,3.6,2.2,1.4,5.4,155
1234,2072,248,38,926,1.8,246,11.3,7.9,3.8,2.1,1.8,5.7,152
1235,2073,237,6,1289,2.1,272,11.4,8,3.6,2.1,1.5,6.5,152
1236,2074,237,11,1902,1.9,276,10.7,8.6,3.5,2,1.5,5.2,153
1237,2075,237,12,1251,2,268,10.9,8.6,3.6,2.1,1.6,4.8,152
1238,2076,232,17,2582,4.1,284,10.6,8.2,3.6,2.2,1.4,4.2,152
1239,2077,296,0,2787,1.9,269,11,9.2,3.8,2.1,1.8,5.7,154
1240,2078,257,10,2386,0.9,266,11.1,8,3.7,2.1,1.6,5.2,147
1241,2079,279,8,3390,1.9,281,10.8,7.8,3.6,2.2,1.3,4.9,152
1242,2080,258,14,3974,2.1,284,11.4,4,3.6,2.3,1.4,5,157
1243,2081,256,16,2794,2.4,264,11.4,7.6,3.9,2.3,1.6,4.1,151
1244,2082,284,6,3429,1.8,257,11.2,7.5,3.7,2.1,1.6,4,152
1245,2083,332,2,6632,4.7,272,10.8,7.8,3.5,2.3,1.1,6.1,153
1246,2084,303,6,4933,3.6,276,11.3,7.8,3.7,2.2,1.5,5.3,155
1247,2085,357,5,7191,4.5,286,11.8,8.4,3.8,2.6,1.2,6.3,160
1248,2086,258,4,3275,2.8,270,11,7.6,3.5,2.3,1.2,5.5,156
1249,2087,292,8,3539,3.8,281,11,8.2,3.6,2.3,1.2,5.1,151
