ID,bird_ID,pH,POC2,PO2,BE,HCO3,TCO2,sO2,Na,K,iCa,Glu,Hct,Hgb
1,1,7.377,20.4,45,-13,12,13,82,139,2.9,0.97,190,20,6.8
2,2,7.485,24.6,60,-5,18.6,19,93,138,2.3,1.22,232,16,5.4
3,3,7.438,24.5,75,-8,16.5,17,96,136,2.5,1.22,227,21,7.1
4,4,7.466,25.9,76,-5,18.7,19,96,139,3,1.13,229,21,7.1
5,5,7.422,22.9,56,-10,14.9,16,90,140,2.8,1.03,220,20,6.8
6,6,7.254,29.6,57,-14,13.1,14,85,141,2.8,1.07,203,22,7.5
7,7,7.41,31.1,50,-5,19.7,21,86,138,2.1,1.23,250,22,7.5
8,8,7.393,30.5,53,-6,18.6,19,88,139,2.5,1.1,225,26,8.8
9,9,7.451,25.9,41,-6,18.1,19,80,138,2.7,1.03,233,19,6.5
10,10,7.386,27.9,60,-8,16.7,18,91,139,2.3,1.41,220,23,7.8
11,11,7.472,27.5,47,-4,20.1,21,86,145,2.7,1.21,239,19,6.5
12,12,7.448,26.1,174,-6,18,19,100,133,2.7,0.7,249,19,6.5
13,13,7.454,28.5,83,-4,20,21,97,143,2.4,1.24,253,20,6.8
14,14,7.331,34.3,93,-8,18.1,19,97,134,2.1,1.14,223,22,7.5
15,15,7.419,31.5,74,-4,20.4,21,95,138,2.2,1.3,224,20,6.8
16,16,7.37,34.2,94,-6,19.8,21,97,139,2.4,1.11,238,25,8.5
17,17,7.405,30.8,142,-5,19.3,20,99,144,2.5,1.14,222,18,6.1
18,18,7.358,34.1,107,-6,19.2,20,98,147,2.6,1.28,245,26,8.8
19,19,7.302,35.7,90,-9,17.7,19,96,141,2.1,1.31,227,24,8.2
20,20,7.378,34,70,-5,20,21,93,137,2.3,1.31,226,25,8.5
21,21,7.454,34.4,98,0,24.1,25,98,137,2.6,1.17,316,19,6.5
22,22,7.422,26.2,47,-7,17,18,84,133,2.5,0.92,195,18,6.1
23,23,7.393,26,80,-9,15.8,17,96,139,2.4,1.15,200,22,7.5
24,24,7.477,24.8,166,-5,18.3,19,100,134,2.4,0.92,210,19,6.5
25,25,7.471,17.6,70,-11,12.8,13,95,131,2.4,0.6,164,19,6.5
26,26,7.529,30.2,43,2,25.2,26,84,138,4.3,1.24,276,23,7.8
27,27,7.453,27.7,67,-5,19.4,20,94,142,2.1,1.2,232,20,6.8
28,28,7.373,30.3,76,-8,17.6,19,95,135,2.8,0.79,191,19,6.5
29,29,7.463,21.3,138,-9,15.3,16,99,135,3.4,0.76,174,22,7.5
30,30,7.546,22.8,104,-3,19.7,20,99,142,2.6,1.29,231,22,7.5
31,31,7.471,29.9,73,-2,21.8,23,96,138,2.9,1.27,342,24,8.2
32,32,7.472,28.2,102,-3,20.6,21,98,138,2.1,1.17,214,20,6.8
33,33,7.407,28.9,79,-7,18.2,19,96,134,2.4,0.9,182,21,7.1
34,34,7.415,31.7,57,-4,20.3,21,90,136,2.4,1.31,220,28,9.5
35,35,7.49,28.8,56,-1,21.9,23,92,139,2.8,1.21,216,25,8.5
36,36,7.525,22.7,81,-4,18.8,19,97,138,2.5,1.17,218,24,8.2
37,37,7.44,28.4,59,-5,19.3,20,92,138,2.3,1.33,214,25,8.5
38,38,7.416,30.6,130,-5,19.6,21,99,138,2.1,1.08,213,20,6.8
39,39,7.361,35.5,80,-5,20,21,95,138,2.6,1.29,228,25,8.5
40,40,7.52,27.9,63,0,22.8,24,94,139,2.4,1.17,291,27,9.2
41,41,7.515,33.1,48,4,26.7,28,88,135,4.4,1.3,314,20,6.8
42,42,7.411,36.4,,-1,23.1,24,,134,3.8,1.37,254,20,6.8
43,43,7.526,31.8,67,4,26.5,27,95,136,4.2,1.1,240,20,6.8
44,44,7.431,28.2,53,-6,18.8,20,89,131,4.3,1.17,252,21,7.1
45,45,7.53,28.1,55,1,23.4,24,92,131,4.3,0.87,288,16,5.4
46,46,7.533,25.4,,-1,21.4,22,,129,3.6,0.7,226,15,5.1
47,47,7.469,30,122,-2,21.8,23,99,130,4.1,0.91,233,17,5.8
48,48,7.443,37.1,115,1,25.4,27,99,138,4.2,1.28,277,17,5.8
49,49,7.451,35.6,93,1,24.8,26,98,138,4.6,1.2,342,28,9.5
50,50,7.496,35.3,87,4,27.3,28,97,134,4.5,1.03,268,26,8.8
51,51,7.381,26.9,65,-9,15.9,17,92,139,4.1,1.32,255,19,6.5
52,52,7.529,32.3,45,4,26.9,28,86,138,4,1.28,247,22,7.5
53,53,7.462,32.8,81,0,23.5,24,97,138,4.3,1.3,268,21,7.1
54,54,7.448,43.1,57,-1,23.1,24,90,142,4.5,1.23,296,21,7.1
55,55,7.528,28.2,49,1,23.4,24,89,135,4,1.2,319,20,6.8
56,56,7.509,33.7,54,4,26.8,28,91,137,4.2,1.37,281,22,7.5
57,57,7.489,36.5,48,4,27.8,29,87,136,4.2,1.37,318,22,7.5
58,58,7.468,33.4,51,1,24.2,25,89,139,3.9,1.25,338,26,8.8
59,59,7.412,29,52,-6,18.5,19,87,126,2.7,1.1,232,21,7.1
60,60,7.477,36.5,55,3,27,28,88,131,3.9,1.05,295,20,6.8
61,61,7.419,29.5,50,-5,19.1,20,87,133,4.3,1.06,252,18,6.1
62,62,7.503,31.7,,2,24.9,26,,137,4.1,1.4,286,20,6.8
63,63,7.586,30,44,7,28.5,29,87,137,4.3,1.26,278,24,8.2
64,64,7.539,28.8,41,2,24.6,25,83,136,4.5,1.02,251,25,8.5
65,65,7.607,26.7,,5,26.7,27,,137,4.6,1.3,277,19,6.5
66,66,7.446,28,47,-5,19.3,20,86,133,3.6,1.27,280,24,8.2
67,67,7.499,28.5,51,-1,22.2,23,89,131,4.1,0.98,237,21,7.1
68,68,7.447,31.6,55,-2,21.8,23,90,126,5.2,0.91,274,23,7.8
69,69,7.397,34.4,,-4,21.1,22,,134,4.2,1.1,259,19,6.5
70,70,7.537,36.3,51,8,30.9,32,90,137,3.5,1.26,257,25,8.5
71,71,7.483,27.9,130,-3,20.9,22,99,135,4.5,1.06,251,18,6.1
72,72,7.462,29.4,64,-3,21,22,94,132,3.9,0.85,243,19,6.5
73,73,7.501,34.5,58,4,27,28,92,137,3.5,1.17,272,22,7.5
74,74,7.483,26.7,144,-3,20.1,21,99,132,5.1,0.79,234,17,5.8
75,75,7.462,32.4,70,-1,23.2,24,95,135,5.5,1.05,273,23,7.8
76,76,7.368,34.5,111,-5,19.9,21,98,135,5.2,1.01,256,23,7.8
77,77,7.462,28.2,102,-4,20.2,21,98,133,4.8,1.02,233,15,5.1
78,78,7.348,28.6,166,-10,15.7,17,99,123,7.8,0.53,199,18,6.1
79,79,7.42,34.7,181,-2,22.5,24,100,127,4.9,0.76,228,15,5.1
80,80,7.429,31.5,197,-3,20.9,22,100,129,3.8,0.76,231,15,
81,81,7.534,33.5,67,6,28.2,29,95,150,4.9,1.29,507,15,5.1
82,82,7.627,18.7,55,-2,19.5,20,94,131,4.5,0.79,235,15,
83,83,7.565,25.7,44,1,23.3,24,87,136,4,1.12,275,16,5.4
84,84,7.522,22.6,44,-4,18.6,19,86,132,5.1,1.1,272,21,7.1
85,85,7.535,30.5,37,3,25.8,27,79,135,3.9,1.17,302,19,6.5
86,86,7.544,26.3,40,0,22.7,23,82,136,4.8,1.26,279,24,8.2
87,87,7.409,25.6,40,-8,16.2,17,77,134,4.5,1.07,257,23,7.8
88,88,7.557,21.3,41,-3,18.9,20,85,135,4.7,1.19,237,22,7.5
89,89,7.678,23.9,,8,28.1,29,,135,4.2,1.3,284,21,7.1
90,90,7.571,25.4,42,1,23.3,24,86,134,4.5,1.22,450,20,6.8
91,91,7.494,25.8,51,-3,19.8,21,89,132,5.7,1.18,259,21,7.1
92,92,7.534,32.3,36,5,27.3,28,77,142,4.1,1.38,294,26,8.8
93,93,7.527,27.3,34,0,22.6,23,74,135,4.5,1.24,274,24,8.2
94,94,7.527,24.1,47,-2,20,21,88,131,4.8,0.99,276,15,
95,95,7.539,26.9,53,0,23,24,91,135,4,1.11,265,15,
96,96,7.782,14.5,61,3,21.7,22,99,134,5,1.07,274,16,5.4
97,97,7.462,28.8,58,-3,20.6,21,92,132,5.1,1.04,232,18,6.1
98,98,7.446,25.9,62,-6,17.8,19,93,127,5.8,0.74,221,15,5.1
99,99,7.661,26.8,49,10,30.3,31,92,136,5.2,1.34,309,18,6.1
100,100,7.411,31.6,78,-5,20.1,21,96,135,3.9,1.22,249,23,7.8
101,101,7.521,30.2,131,2,24.7,26,99,133,5.6,1.22,321,20,6.8
102,102,7.455,16.3,74,-12,11.4,12,96,146,4.7,1.43,76,37,12.6
103,103,7.578,23.9,43,0,22.4,23,87,134,4.8,1.17,319,17,5.8
104,104,7.514,31.6,35,2,25.5,26,74,136,3.6,1.32,282,17,5.8
105,105,7.519,27.2,35,-1,22.1,23,75,135,3.1,1.17,295,18,6.1
106,106,7.53,33.4,40,5,27.9,29,82,135,3.5,1.37,277,19,6.5
107,107,7.594,28.4,,6,27.5,28,,136,3.7,1.34,300,22,7.5
108,108,7.567,30.9,34,6,28.1,29,75,137,3.3,1.34,270,18,6.1
109,109,7.473,35.3,36,2,25.9,27,73,139,3,1.37,278,26,8.8
110,110,7.476,31.7,44,0,23.4,24,84,135,3.7,1.29,289,25,8.5
111,111,7.543,26.2,,0,22.5,23,,139,3.4,1.3,262,23,7.8
112,112,7.581,27.8,29,4,26.1,27,68,135,3.2,1.21,325,21,7.1
113,113,7.477,30.2,55,-1,22.3,23,91,139,3.4,1.34,278,19,6.5
114,114,7.488,31.9,53,1,24.2,25,90,135,3,1.09,277,17,5.8
115,115,7.497,33.8,49,3,26.2,27,88,138,3.9,1.36,316,17,5.8
116,116,7.504,34.4,47,4,27.1,28,87,140,3.6,1.34,316,20,6.8
117,117,7.469,35.4,57,2,25.7,27,91,136,3.5,1.24,406,23,7.8
118,118,7.381,42.7,,0,25.3,27,,140,3.6,1.43,261,27,9.2
119,119,7.549,32.4,,6,28.3,29,,141,2.8,1.43,297,28,9.5
120,120,7.583,25.2,38,2,23.8,25,83,135,4.1,1.08,263,22,7.5
121,121,7.51,30.9,54,2,24.7,26,91,138,4.3,1.41,362,17,5.8
122,122,7.477,34.8,,2,25.8,27,,134,4,0.98,332,15,5.1
123,123,7.537,33.1,26,6,28.1,29,59,138,3.2,1.37,294,23,7.8
124,124,7.508,35.6,24,5,28.3,29,51,137,3.3,1.29,269,23,7.8
125,125,7.524,34.6,,6,28.8,30,,141,3.2,1.49,284,24,8.2
126,126,7.562,32.7,29,7,29.5,30,67,137,3.5,1.31,276,24,8.2
127,127,7.5,35.6,33,5,27.8,29,70,138,2.8,1.45,269,26,8.8
128,128,7.489,38.1,15,6,29,30,24,137,2.7,1.13,250,26,8.8
129,129,7.503,31.6,27,2,24.8,26,57,138,3.2,1.06,271,22,7.5
130,130,7.532,36.7,23,8,30.8,32,48,141,2.3,1.3,313,32,10.9
131,131,7.561,29.1,35,4,26.1,27,77,137,3.1,1.22,275,15,5.1
132,132,7.495,33.4,39,2,25.7,27,79,139,3.3,1.39,308,18,6.1
133,133,7.498,29.9,41,0,23.3,24,82,136,3.2,1.23,263,18,6.1
134,134,7.556,27,39,2,23.9,25,82,138,3.3,1.16,277,16,5.4
135,135,7.531,33,44,5,27.6,29,85,140,3.6,1.33,313,15,
136,136,7.535,29.9,41,3,25.2,26,83,135,3.2,1.07,267,16,5.4
137,137,7.463,32.5,43,0,23.3,24,82,137,3,1.21,298,16,5.4
138,138,7.552,35.7,41,9,31.4,32,83,138,2.7,1.34,372,18,6.1
139,139,7.391,36.6,60,-3,22.2,23,91,141,3.2,1.39,319,20,6.8
140,140,7.509,30.3,60,1,24.1,25,93,137,3.7,1.19,257,16,5.4
141,141,7.412,40.8,14,26,26,27,17,141,2.92,1.41,292,20,6.8
142,142,7.456,40.4,18,5,28.5,30,28,144,2.6,1.51,266,22,7.5
143,143,7.403,32,26,-5,19.9,21,50,142,2.6,1.19,278,22,7.5
144,144,7.348,37.5,,-5,20.6,22,,137,3.1,1.12,306,20,6.8
145,145,7.471,42.4,43,7,31,32,81,148,4.6,1.38,271,34,11.6
146,146,7.489,39.8,102,7,30.2,31,98,151,4.6,1.43,243,33,11.2
147,147,7.552,35.4,58,9,31.1,32,93,147,4.2,1.39,264,35,11.9
148,148,7.578,31.8,66,8,29.6,31,96,150,4,1.48,229,33,11.2
149,149,7.416,41.7,69,2,26.8,28,94,149,5.2,1.46,270,31,10.5
150,150,7.478,36.6,74,4,27.1,28,96,150,4.2,1.5,166,30,10.2
151,151,7.398,53.5,54,8,33,35,87,156,4.7,1.61,276,32,10.9
152,152,7.427,50.6,55,9,33.4,35,88,149,4.2,1.65,245,31,10.5
153,153,7.482,45.1,61,10,33.7,35,92,148,4.1,1.48,267,30,10.2
154,154,7.512,40,92,9,32.1,33,98,145,4,1.51,259,30,10.2
155,155,7.363,55.8,63,6,31.8,33,90,148,4.5,1.36,267,32,10.9
156,156,7.464,45.5,53,9,32.7,34,88,150,4.1,1.57,226,33,11.2
157,157,7.357,50.3,69,3,28.2,30,92,146,3.2,1.37,244,32,10.9
158,158,7.439,49,69,9,33.2,35,94,149,4.5,1.46,281,33,11.2
159,159,7.301,69.3,54,8,34.2,36,82,154,5.1,1.6,279,33,11.2
160,160,7.294,72.3,82,9,35.1,37,94,151,5.5,1.63,271,32,10.9
161,161,7.471,44.9,74,9,32.8,34,95,147,4.1,1.53,271,33,11.2
162,162,7.531,40.1,86,11,33.6,35,98,145,4.3,1.52,246,34,11.6
163,163,7.413,50.4,79,8,32.2,34,96,150,4.3,1.34,234,33,11.2
164,164,7.407,48,50,6,30.2,32,84,154,4.1,1.32,243,34,11.6
165,165,7.359,62.4,61,10,35.1,37,89,152,7.5,1.3,261,29,9.9
166,166,7.374,56.6,73,8,33.1,35,94,148,8.4,1.3,251,28,9.5
167,167,7.279,76.3,77,9,35.8,38,92,151,8.4,1.38,252,25,8.5
168,168,7.325,61.3,89,6,31.9,34,96,145,8.6,1.32,231,25,8.5
169,169,7.356,63.2,71,10,35.4,37,92,150,7,1.35,253,23,7.8
170,170,7.365,54.5,78,6,31.1,33,95,147,8,1.37,254,23,7.8
171,171,7.372,61.8,75,11,35.8,38,94,145,9,1.34,238,30,10.2
172,172,7.319,59.5,63,4,30.6,32,89,150,8.2,1.37,230,29,9.9
173,173,7.34,63,67,8,34,36,91,149,8.1,1.3,242,28,9.5
174,174,7.408,56.4,76,11,35.6,37,95,143,9,1.37,231,31,10.5
175,175,7.334,60.6,73,7,32.9,35,93,145,9,1.35,252,28,9.5
176,176,7.397,52.8,71,8,32.4,34,94,146,7.2,1.26,240,28,9.5
177,177,7.295,78.4,63,12,38.1,41,88,149,9,1.35,265,25,8.5
178,178,7.392,54.5,120,8,33.2,35,99,149,9,1.28,242,26,8.8
179,179,7.352,59.9,76,8,33.2,35,94,146,9,1.29,255,27,9.2
180,180,7.367,64,64,11,36.7,39,91,149,8.1,1.37,247,29,9.9
181,181,7.358,59.7,64,8,33.6,35,90,148,8.6,1.3,247,26,8.8
182,182,7.352,63.3,74,10,35.1,37,93,147,7.8,1.27,235,24,8.2
183,183,7.363,66.2,68,12,37.7,40,92,147,8.9,1.3,258,26,8.8
184,184,7.387,60.4,66,11,36.3,38,92,145,9,1.28,242,28,9.5
185,185,7.316,64.2,169,7,32.8,35,99,151,5.8,1.35,271,31,10.5
186,186,7.397,52.9,165,8,32.5,34,99,151,6,1.28,260,32,10.9
187,187,7.402,52.3,176,8,32.5,34,100,150,6.4,1.38,205,33,11.2
188,188,7.291,66.3,174,5,31.9,34,99,147,6.6,1.38,255,28,9.5
189,189,7.361,59.4,164,8,33.6,35,99,146,6.6,1.28,236,31,10.5
190,190,7.337,63.4,166,8,34,36,99,149,6.5,1.36,246,28,9.5
191,191,7.328,65.7,174,8,34.4,36,99,150,7.4,1.35,248,36,12.2
192,192,7.38,57.8,160,9,34.2,36,99,148,7.4,1.3,253,35,11.9
193,193,7.328,64.4,152,8,33.8,36,99,150,6.7,1.22,237,28,9.5
194,194,7.362,64.2,165,11,36.4,38,99,147,7.5,1.37,246,31,10.5
195,195,7.353,63.3,180,10,35.2,37,99,148,7.2,1.3,247,32,10.9
196,196,7.339,61.2,147,7,33,35,99,150,5.6,1.42,240,30,10.2
197,197,7.381,57.5,168,9,34.1,36,99,148,6.8,1.33,237,32,10.9
198,198,7.339,62.9,169,8,33.9,36,99,147,6.5,1.2,260,27,9.2
199,199,7.407,56.7,155,11,35.7,37,99,150,7.9,1.3,228,31,10.5
200,200,7.366,58.4,180,8,33.5,35,100,149,5.8,1.34,250,33,11.2
201,201,7.306,71.1,178,9,35.4,38,99,149,6.8,1.36,237,31,10.5
202,202,7.322,66.7,179,8,34.6,37,99,148,6.7,1.33,249,31,10.5
203,203,7.336,62,179,7,33.2,35,99,148,6.2,1.37,259,30,10.2
204,204,7.326,66.4,174,9,34.7,37,99,150,7.7,1.27,257,33,11.2
205,205,7.379,58.1,81,9,34.3,36,95,151,7.3,1.4,232,36,12.2
206,206,7.38,57,129,9,33.7,35,99,145,8.6,1.28,257,34,11.6
207,207,7.4,51.1,91,8,32.2,34,97,147,6.9,1.38,266,31,10.5
208,208,7.2,77.7,124,8,35,37,98,150,8,1.3,274,33,11.2
209,209,7.3,70,89,13,38.6,41,96,148,7,1.38,256,33,11.2
210,210,7.38,59.4,121,10,35.2,37,98,151,7.2,1.33,236,31,10.5
211,211,7.456,48.9,146,11,34.5,36,99,147,8.3,1.36,238,29,9.9
212,212,7.368,54.3,173,6,31.3,33,99,154,6.7,1.33,244,32,10.9
213,213,7.363,66,78,12,37.5,40,94,150,6.8,1.43,238,31,10.5
214,214,7.33,66,156,9,34.8,37,99,148,7.2,1.33,256,31,10.5
215,215,7.438,45.6,126,7,30.8,32,99,152,4.5,1.25,181,32,10.9
216,216,7.441,47.5,128,8,32.3,34,99,149,5.3,1.23,190,35,11.9
217,217,7.307,59.6,100,3,29.8,32,97,156,5,1.13,233,37,12.6
218,218,7.415,49.8,116,7,32,33,99,153,4.4,1.21,207,32,10.9
219,219,7.383,54.6,96,7,32.5,34,97,154,4,1.1,214,37,12.6
220,220,7.395,52.3,90,7,32.1,34,97,152,4.4,1.13,210,33,11.2
221,221,7.346,54.3,134,4,29.7,31,99,152,4.3,1.28,196,34,11.6
222,222,7.363,53,97,5,30.1,32,97,153,3.9,1.18,175,35,11.9
223,223,7.305,53.7,89,7,32.1,34,96,151,4.5,1.11,185,34,11.6
224,224,7.412,51.7,101,8,32.9,35,98,152,4.3,1.12,208,33,11.2
225,225,7.341,58.2,202,6,31.5,33,100,154,4.5,1.33,243,28,9.5
226,226,7.405,54.2,122,9,34,36,99,152,4.8,1.35,245,33,11.2
227,227,7.318,69.6,117,10,35.7,38,98,155,4.6,1.41,249,30,10.2
228,228,7.237,78.6,137,6,33.4,36,98,156,4.6,1.5,254,32,10.9
229,229,7.33,64.4,138,8,34,36,99,153,4.5,1.47,239,32,10.9
230,230,7.262,71.7,161,5,32.3,34,99,156,4.1,1.48,262,32,10.9
231,231,7.414,55.4,148,11,35.4,37,99,147,4.8,1.4,232,32,10.9
232,232,7.368,59.7,125,9,34.3,36,99,151,4.6,1.43,239,29,9.9
233,233,7.374,55.7,146,7,32.5,34,99,148,4.9,1.43,239,30,10.2
234,234,7.327,63.2,113,7,33.1,35,98,152,4.8,1.43,225,32,10.9
235,235,7.427,48.6,93,8,32.1,34,97,145,6.8,1.4,231,27,9.2
236,236,7.398,54.7,56,9,33.7,35,88,147,6.8,1.37,255,30,10.2
237,237,7.452,48.1,60,10,33.5,35,91,148,6.8,1.29,234,31,10.5
238,238,7.229,60.4,53,3,29.7,31,82,151,5.6,1.38,254,26,8.8
239,239,7.359,59.4,111,8,33.5,35,98,143,7,1.33,239,27,9.2
240,240,7.446,48.9,204,10,33.7,35,100,144,6.7,1.39,255,22,7.5
241,241,7.379,57.3,98,9,33.8,35,97,145,6.4,1.41,249,25,8.5
242,242,7.373,55.9,60,7,32.6,34,34,145,6.3,1.41,241,27,9.2
243,243,7.373,57.7,62,8,33.3,35,90,152,6.5,1.49,245,31,10.5
244,244,7.314,63.3,51,6,32.2,34,81,144,5.5,1.37,257,29,9.9
245,245,7.366,57.9,62,8,33.2,35,90,146,5.4,1.43,241,24,8.2
246,246,7.415,49.8,114,7,31.9,33,98,154,7.5,1.42,247,30,10.2
247,247,7.39,57.1,59,10,34.5,36,89,149,6.3,1.39,232,31,10.5
248,248,7.417,52.7,77,9,33.9,35,95,161,6.6,1.4,230,33,11.2
249,249,7.413,49.3,81,7,31.5,33,96,146,5.7,1.37,225,25,8.5
250,250,7.341,58.1,60,6,31.4,33,88,150,5.5,1.42,244,24,8.2
251,251,7.371,58.6,44,9,34,36,77,149,5.8,1.4,239,27,9.2
252,252,7.406,52.2,62,8,32.8,34,91,150,6.4,1.46,243,27,9.2
253,253,7.355,57.6,62,7,32.1,34,90,150,5.9,1.44,227,29,9.9
254,254,7.39,57.2,56,10,34.6,36,88,147,6.2,1.12,249,30,10.2
255,255,7.481,39.6,177,6,29.5,31,100,150,6.5,1.55,242,30,10.2
256,256,7.366,65.9,,7,32.6,34,,152,5.2,,,34,11.6
257,257,7.408,53.3,145,9,33.6,35,99,150,5.7,1.53,241,29,9.9
258,258,7.319,69.7,138,10,35.8,38,99,149,6.3,1.69,266,31,10.5
259,259,7.387,58.3,126,10,35.1,37,99,147,5.3,1.53,257,32,10.9
260,260,7.401,55.3,162,10,34.3,36,99,147,6.5,1.62,255,29,9.9
261,261,7.275,79.7,171,10,37,39,99,152,6,1.68,281,33,11.2
262,262,7.422,59,183,14,38.4,40,100,148,4.7,1.54,257,33,11.2
263,263,7.382,57.7,178,9,43.2,36,100,149,5.7,1.61,261,33,11.2
264,264,7.25,82.6,159,9,36.2,39,99,148,6.2,1.65,252,37,12.6
265,265,7.452,46.9,97,9,32.7,34,98,144,9,1.24,234,35,11.9
266,266,7.51,37.4,174,7,29.8,31,100,146,8.4,1.2,261,31,10.5
267,267,7.412,48.2,100,6,30.7,32,98,145,7.8,1.23,255,34,11.6
268,268,7.352,62.7,107,9,34.8,37,98,150,7.9,1.32,237,31,10.5
269,269,7.36,61.6,142,9,34.8,37,99,146,7.9,1.26,242,32,10.9
270,270,7.381,59.6,202,10,35.3,37,100,146,7.2,1.19,260,30,10.2
271,271,7.409,51,189,8,32.3,34,100,149,9,1.28,245,34,11.6
272,272,7.35,69,109,13,38.1,40,98,149,7.8,1.25,238,32,10.9
273,273,7.353,59.1,70,7,32.9,35,92,144,9,1.35,261,31,10.5
274,274,7.45,48.7,161,10,33.8,35,99,145,8.5,1.27,266,32,10.9
275,275,7.4,57.1,159,11,35.4,37,99,150,7.7,1.33,239,31,10.5
276,276,7.389,55.2,69,8,33.3,35,93,147,7.8,1.28,245,34,11.6
277,277,7.42,51.4,119,9,33.3,35,99,147,8.2,1.13,222,30,10.2
278,278,7.375,54.8,110,7,32.1,34,98,149,7.8,1.32,236,28,9.5
279,279,7.409,60.9,109,14,38.5,40,98,140,9,1.01,233,40,13.6
280,280,7.445,48.5,106,9,33.4,35,98,145,8.7,1.31,251,29,9.9
281,281,7.414,52.8,95,9,33.8,35,97,145,8.5,1.21,218,33,11.2
282,282,7.382,56.1,58,8,33.3,35,88,149,7.6,1.29,227,30,10.2
283,283,7.362,59.7,61,9,33.9,36,89,147,9,1.27,248,34,11.6
284,284,7.419,52.7,147,10,34.1,36,99,146,8,1.36,231,32,10.9
285,285,7.351,65.5,96,11,36.2,38,97,148,7.3,1.31,247,31,10.5
286,286,7.402,54.7,110,9,34,36,98,147,8.6,1.21,241,26,8.8
287,287,7.37,65.5,119,13,37.9,40,98,146,8.3,1.28,239,24,8.2
288,288,7.288,81.7,120,13,39.1,42,98,153,9,1.31,245,35,11.9
289,289,7.373,61.3,91,10,35.7,38,96,147,8.5,1.29,236,24,8.2
290,290,7.346,67.7,84,11,37.1,39,95,137,9,1.05,256,39,13.3
291,291,7.365,67.2,124,13,38.4,40,98,147,9,1.3,247,35,11.9
292,292,7.412,53.6,145,10,34.2,36,99,143,9,1.26,222,34,11.6
293,293,7.486,45.1,151,11,34.1,35,99,147,8.2,1.31,225,27,9.2
294,294,7.462,49.1,166,11,35,37,100,147,9,1.28,251,32,10.9
295,295,7.364,61.8,129,10,35.3,37,99,151,5.4,1.24,200,39,13.3
296,296,7.2,79.1,82,3,30.9,33,92,152,3.1,1.39,206,29,9.9
297,297,7.249,74.3,113,5,32.5,35,97,151,3.5,1.35,203,27,9.2
298,298,7.261,74,80,6,33.3,36,93,153,3.7,1.38,227,33,11.2
299,299,7.301,70.4,72,8,34.7,37,92,150,3.9,1.35,223,35,11.9
300,300,7.217,81.6,96,5,33.2,36,95,152,3.6,1.37,209,37,12.6
301,301,7.204,81.3,82,4,32.1,35,92,151,3.8,1.3,224,38,12.9
302,302,7.132,107.4,84,7,35.9,39,91,160,3.3,1.33,228,37,12.6
303,303,7.338,56.6,148,5,30.4,32,99,149,5.4,1.24,188,31,10.5
304,304,7.213,78.4,89,4,31.6,34,94,150,3.9,1.39,192,35,11.9
305,305,7.407,52.8,130,9,33.2,35,99,144,7.7,1.46,231,32,10.9
306,306,7.44,55.1,135,9,34.1,36,33,140,7.6,1.55,222,34,10.6
307,307,7.377,61.9,56,11,36.4,38,87,148,7.2,1.48,239,36,12.2
308,308,7.307,67.6,64,7,33.8,36,89,147,6.6,1.47,225,43,14.6
309,309,7.374,59.1,69,9,34.4,36,92,149,7.1,1.36,235,35,11.9
310,310,7.345,61.9,69,8,33.8,36,92,149,6.5,1.5,221,31,10.5
311,311,7.446,49.2,86,10,33.9,35,97,146,7.4,1.47,238,32,10.9
312,312,7.421,52.7,102,10,34.3,36,98,145,7.2,1.42,231,33,11.2
313,313,7.385,59.4,66,11,35.6,37,92,148,6.3,1.55,231,16,5.4
314,314,7.438,52.9,136,12,35.8,37,99,145,7,1.46,238,33,11.2
315,315,7.305,65.7,145,6,32.7,35,99,151,4.3,1.35,224,29,9.9
316,316,7.15,98.6,126,5,34.3,37,97,153,4.1,1.29,171,32,10.9
317,317,7.27,73.2,149,7,33.6,36,99,149,4.1,1.37,223,26,8.8
318,318,7.265,72,131,8,34.2,36,98,151,3.9,1.32,245,31,10.5
319,319,7.196,82.5,149,4,32,34,99,155,3.9,1.38,211,29,9.9
320,320,7.301,73,150,10,36,38,99,152,4.4,1.32,216,33,11.2
321,321,7.328,64.9,143,8,34.1,36,99,150,4,1.37,227,32,10.9
322,322,7.24,72.3,164,4,31,33,99,151,4.3,1.27,189,31,10.5
323,323,7.222,74,188,3,30.5,33,99,150,4.8,1.22,144,31,10.5
324,324,7.287,71,153,7,33.9,36,99,151,3.9,1.35,214,32,10.9
325,325,7.422,55.7,159,12,36.6,38,99,149,5.9,1.3,256,31,10.5
326,326,7.427,56.2,145,13,37.1,39,99,148,5,1.39,242,25,8.5
327,327,7.373,65.6,127,13,38.1,40,99,149,6.4,1.36,249,33,11.2
328,328,7.413,58.8,147,13,37.6,39,99,148,6.5,1.31,237,33,11.2
329,329,7.403,57.5,144,11,35.9,38,99,147,6.2,1.3,246,32,10.9
330,330,7.374,57.2,158,8,33.4,35,99,150,6.7,1.37,278,30,10.2
331,331,7.393,62.4,135,13,38,40,99,148,6.4,1.36,230,37,12.6
332,332,7.45,54.4,145,14,37.8,39,99,148,5.7,1.32,252,30,10.2
333,333,7.463,50.8,157,13,36.4,38,99,149,5.4,1.34,244,30,10.5
334,334,7.504,44.9,150,12,35.4,37,99,148,6.8,1.34,252,33,11.2
335,335,7.328,64,109,8,33.6,35,98,155,2.6,1.42,211,31,10.5
336,336,7.418,46.4,111,5,30,31,98,151,2.7,1.43,251,32,10.9
337,337,7.389,59.4,100,11,35.9,38,97,152,3.5,1.42,225,30,10.2
338,338,7.337,63.4,106,8,34,36,97,152,4,1.44,203,30,10.2
339,339,7.327,63.5,102,7,33.2,35,97,154,3.2,1.4,219,44,15
340,340,7.311,67.5,96,8,34.1,36,96,154,2.8,1.48,210,31,10.5
341,341,7.332,65,108,9,34.4,36,98,151,3.6,1.4,194,32,10.9
342,342,7.322,65.6,125,8,34,36,98,153,3.5,1.47,197,28,9.5
343,343,7.344,59.1,135,6,32.2,34,99,152,3.5,1.42,203,28,9.5
344,344,7.327,64.1,129,8,33.6,35,99,152,3.5,1.46,207,28,9.5
345,345,7.365,62.4,82,10,35.7,38,95,149,7.4,1.28,221,34,11.6
346,346,7.352,60.4,60,8,33.5,35,88,149,6.9,1.31,233,32,10.9
347,347,7.335,64.2,116,8,34.2,36,98,145,7.9,1.3,247,31,10.5
348,348,7.35,60.4,58,8,33.3,35,87,149,8,1.33,235,33,11.2
349,349,7.349,50.4,85,7,32.2,34,96,147,7.6,1.35,230,30,10.2
350,350,7.352,58.3,60,7,32.3,34,89,145,8.7,1.31,222,35,11.9
351,351,7.321,62.3,91,6,32.1,34,96,149,6.6,1.32,250,31,10.5
352,352,7.335,64.8,56,9,34.6,37,85,144,9,1.04,231,35,11.9
353,353,7.356,63.3,75,10,35.4,37,94,151,7.3,1.32,254,31,10.5
354,354,7.385,60.8,53,11,36.4,38,85,146,7.7,1.35,250,30,10.2
355,355,7.313,74.6,65,12,37.8,40,89,145,8,1.27,232,31,10.5
356,356,7.389,46.7,70,3,28.2,30,93,147,6.9,1.34,235,27,9.2
357,357,7.425,55.7,148,12,36.6,38,99,143,9,1.23,250,34,11.6
358,358,7.307,66,91,7,33,35,96,148,9,1.34,235,33,11.2
359,359,7.307,65.9,59,7,33,35,86,146,8.5,1.33,242,30,10.2
360,360,7.338,62.9,64,8,33.8,36,90,149,6.3,1.33,245,30,10.2
361,361,7.319,67,64,8,34.4,36,89,150,7.3,1.33,244,33,11.2
362,362,7.346,66.1,65,10,36.1,38,90,144,9,1.21,233,30,10.2
363,363,7.337,64,81,8,34.3,36,94,149,6.7,1.36,234,31,10.5
364,364,7.322,66.3,63,8,34.3,36,89,151,6,1.35,231,32,10.9
365,365,7.321,66.1,63,8,34.1,36,89,152,4.9,1.43,227,30,10.2
366,366,7.318,66.4,68,8,34,36,91,149,4.9,1.2,241,29,9.9
367,367,7.328,64.3,70,8,33.7,36,92,151,6,1.41,234,32,10.9
368,368,7.322,67.7,59,9,35,37,87,154,4.9,1.37,260,31,10.5
369,369,7.358,59.9,59,8,33.7,35,88,151,5.6,1.41,249,31,10.5
370,370,7.206,88.6,48,7,35.1,38,72,161,5.2,1.43,240,35,11.9
371,371,7.305,76,61,12,37.8,40,87,155,6.2,1.4,234,35,11.9
372,372,7.325,69.3,58,10,36.2,38,86,151,5.9,1.42,233,27,9.2
373,373,7.397,63.8,53,14,39.2,41,85,153,6.3,1.4,245,31,10.5
374,374,7.412,49.8,58,7,31.8,33,90,149,6.4,1.36,235,33,11.2
375,375,7.389,52.1,114,7,31.5,33,98,151,3.3,1.46,223,25,8.5
376,376,7.298,55.9,113,1,27.4,29,98,151,3.1,1.51,211,31,10.5
377,377,7.403,52.6,125,8,32.8,34,99,153,3.4,1.5,239,27,9.2
378,378,7.383,50,123,5,29.8,31,99,149,4.2,1.42,224,31,10.5
379,379,7.287,66.6,124,5,31.8,34,98,152,3,1.52,213,31,10.5
380,380,7.278,64.5,98,3,30.2,32,96,153,3,1.54,227,27,9.2
381,381,7.264,77.2,120,8,35,37,98,153,3.3,1.56,228,33,11.2
382,382,7.335,63.5,167,8,33.8,36,99,150,3.7,1.45,223,29,9.9
383,383,7.319,64.7,101,7,33.2,35,97,150,3.1,1.49,216,32,10.9
384,384,7.375,58.3,117,9,34.1,36,98,149,3.3,1.57,231,31,10.5
385,385,7.333,67.5,15,10,35.8,38,16,143,9,1.32,205,30,10.2
386,386,7.305,72.6,35,10,36.1,38,59,146,5.9,1.61,212,33,11.2
387,387,7.358,66.8,22,12,37.6,40,33,147,7.3,1.54,226,32,10.9
388,388,7.394,55.5,32,9,33.9,36,60,148,5.5,1.42,216,32,10.9
389,389,7.364,74.3,14,17,42.4,45,15,148,6.9,1.6,195,32,10.9
390,390,7.285,74.1,28,9,35.2,37,60,142,9,1.4,222,37,12.6
391,391,7.394,52.7,32,7,32.2,34,59,148,7.1,1.5,222,32,10.9
392,392,7.398,56,20,10,34.5,36,31,146,7.9,1.46,198,14,
393,393,7.344,64,20,9,34.8,37,28,148,6.9,1.53,207,27,9.2
394,394,7.325,62.7,27,7,32.7,35,43,147,5,1.54,223,23,7.8
395,395,7.291,72.8,108,9,35.1,37,97,148,6.3,1.8,256,29,9.9
396,396,7.304,68.3,138,8,33.9,36,99,149,6.2,1.59,241,30,10.2
397,397,7.265,81.8,161,10,37.1,40,99,147,6.8,1.56,241,28,9.5
398,398,7.3,75.4,141,11,37.1,39,99,148,6.5,1.63,246,29,9.9
399,399,7.349,65.6,144,10,36.1,38,99,149,6.2,1.55,246,29,9.9
400,400,7.27,87.3,,13,40.1,43,,148,5.8,1.67,237,31,10.5
401,401,7.303,78.7,142,13,39,41,99,148,6.2,1.67,264,29,9.9
402,402,7.246,77.5,123,6,33.7,36,98,151,5.9,1.72,248,24,8.2
403,403,7.09,127,,5,31.8,34,98,149,5.4,1.58,241,34,11.6
404,404,7.301,76.5,147,11,37.7,40,99,148,6.1,1.71,243,31,10.5
405,405,7.36,54.6,179,5,30.9,33,100,150,8.1,1.28,221,32,10.9
406,406,7.359,59.5,127,8,33.6,35,99,145,8.4,1.31,220,37,12.6
407,407,7.376,56.7,189,8,33.2,35,100,151,7.1,1.26,239,33,11.2
408,408,7.317,63.8,144,7,32.7,35,99,152,7,1.38,233,29,9.9
409,409,7.419,48.9,163,7,31.7,33,99,147,6.8,1.36,225,29,9.9
410,410,7.352,64.2,155,10,35.6,38,99,151,9,1.22,244,36,12.2
411,411,7.29,71.6,152,8,34.4,37,99,153,9,1.31,226,34,11.6
412,412,7.245,77,143,6,33.4,36,99,152,8.5,1.34,241,31,10.5
413,413,7.281,73.7,131,8,34.7,37,98,148,8.4,1.29,247,33,11.2
414,414,7.223,81.2,121,6,33.5,36,98,154,7.1,1.39,235,31,10.5
415,415,7.252,71.1,92,4,31.3,33,95,152,2.7,1.49,215,32,10.9
416,416,7.345,61.5,103,8,33.5,35,97,151,3.4,1.51,230,28,9.5
417,417,7.321,63.6,112,7,32.8,35,98,151,3.7,1.46,231,30,10.2
418,418,7.298,68.3,90,7,33.5,36,95,153,3.2,1.59,221,30,10.2
419,419,7.273,71.4,123,6,33,35,98,152,3.6,1.5,229,29,9.9
420,420,7.316,65.4,103,7,33.4,35,97,152,3.6,1.5,219,28,9.5
421,421,7.266,71.7,99,6,32.6,35,96,150,2.4,1.51,219,30,10.2
422,422,7.291,69.8,104,7,33.6,36,97,152,5.1,1.41,182,34,11.6
423,423,7.273,70.8,89,6,32.7,35,95,152,3.5,1.51,218,29,9.9
424,424,7.335,68.1,83,10,36.3,38,95,151,4.1,1.47,203,36,12.2
425,425,7.449,45.9,47,8,31.8,33,84,150,4.2,1.61,257,29,9.9
426,426,7.381,53.8,80,7,31.9,33,95,152,4.4,1.57,270,31,10.5
427,427,7.311,64.3,,6,32.4,34,,153,4.5,1.68,278,31,10.5
428,428,7.379,55.8,43,8,32.9,35,77,152,4.3,1.61,263,34,11.6
429,429,7.4,47.8,48,5,29.6,31,83,147,4.5,1.52,253,34,11.6
430,430,7.376,56.8,,8,33.3,35,,151,4.3,1.68,263,29,9.9
431,431,7.314,68.4,48,9,34.7,37,78,146,5.2,1.63,247,29,9.9
432,432,7.181,81.1,74,2,30.3,33,89,149,5.1,1.69,187,28,9.5
433,433,7.273,67.7,67,4,31.3,33,89,148,4.6,1.6,243,28,9.5
434,434,7.271,70.9,62,6,32.6,35,87,148,5.6,1.75,224,29,9.9
435,435,7.249,80.7,51,8,35.3,38,77,150,4.7,1.71,220,34,11.6
436,436,7.447,49.4,118,10,34.1,36,99,148,5.4,1.58,239,15,
437,437,7.276,70.9,62,6,33,35,87,148,5.8,1.61,228,27,9.2
438,438,7.235,77.7,55,5,32.9,35,80,148,5.4,1.71,242,33,11.2
439,439,7.314,66.6,54,8,33.9,36,84,149,4.9,1.63,234,30,10.2
440,440,7.189,81.9,63,3,31.2,34,84,150,5.5,1.72,215,31,10.5
441,441,7.329,64.2,64,8,33.7,36,90,148,5.7,1.47,245,29,9.9
442,442,7.261,79.5,55,9,35.7,38,81,150,6,1.57,213,28,9.5
443,443,7.313,69.7,48,9,35.3,37,78,147,5.4,1.65,248,28,9.5
444,444,7.309,66.6,112,7,33.5,35,98,149,5,1.57,198,18,6.1
445,445,7.285,74.6,54,9,35.4,38,81,150,5.4,1.73,249,31,10.5
446,446,7.271,71.5,84,6,32.9,35,94,146,5.3,1.65,230,28,9.5
447,447,7.186,91.2,56,6,34.5,37,79,149,6.2,1.74,240,37,12.6
448,448,7.269,77.2,58,8,35.4,38,84,149,4.8,1.68,238,37,12.6
511,449,7.56,28.1,47,3,25.1,26,89,139,3.2,1.42,262,21,7.1
512,450,7.43,41.3,42,3,27.4,29,79,140,3.4,1.73,285,20,6.8
513,451,7.469,32.5,74,0,23.6,25,96,140,3.3,1.27,259,20,6.8
514,452,7.481,33.7,63,2,25.2,26,94,140,2.3,1.62,291,19,6.5
515,453,7.541,29,60,2,24.8,26,94,141,2,1.59,268,22,7.5
516,454,7.453,29,44,-4,20.3,21,83,140,2.9,1.35,249,18,6.1
517,455,7.59,23.2,51,0,22.2,23,92,141,3.5,1.24,324,18,6.1
518,456,7.562,31.7,57,6,28.5,30,93,140,2.9,1.46,289,19,6.5
519,457,7.384,36.3,57,-3,21.7,23,89,142,2.9,1.52,254,20,6.8
520,458,7.519,30.9,63,2,25.1,26,94,138,3.8,1.44,310,16,5.4
521,459,7.434,42.6,41,4,28.5,30,77,141,3,1.37,245,24,8.2
522,460,7.459,37.6,101,3,26.6,28,98,139,3.8,1.47,251,19,6.5
523,461,7.499,33.7,67,3,26.3,27,95,139,3.9,1.49,288,20,6.8
524,462,7.442,39.3,97,3,26.8,28,98,137,5.2,1.33,271,20,6.8
525,463,7.59,27.6,74,5,26.5,27,97,140,3.4,1.27,264,23,7.8
526,464,7.489,38.3,101,6,29.1,30,98,140,4.1,1.41,260,21,7.1
527,465,7.469,35.2,101,2,25.6,27,98,137,3.9,1.22,254,20,6.8
528,466,7.495,37.1,65,5,28.6,30,94,140,4,1.4,262,21,7.1
529,467,7.574,27.6,83,4,25.5,26,98,140,3.7,1.41,272,22,7.5
530,468,7.471,42.2,47,7,30.8,32,85,143,2.3,1.36,279,20,6.8
531,469,6.986,35.6,109,-23,8.5,10,94,138,9,1.25,54,23,7.8
532,470,7.857,14.5,60,8,25.7,26,98,150,3.5,0.99,341,20,
533,471,7.61,23.9,71,3,24,25,97,140,3.9,1.33,244,21,7.1
534,472,7.495,29.2,116,-1,22.5,23,99,142,3.4,1.18,243,24,8.2
535,473,7.546,31.1,43,5,27,28,85,140,3.5,1.8,239,23,7.8
536,474,7.562,30.3,64,5,27.2,28,95,141,3.8,1.4,249,23,7.8
537,475,7.542,27.5,66,1,23.7,24,95,140,3.6,1.31,239,24,8.2
538,476,7.419,35.6,51,-1,23.1,24,86,142,3.9,1.29,247,22,7.5
539,477,7.512,33.8,55,4,27,28,91,140,4.1,1.34,274,21,7.1
540,478,7.554,30.1,44,4,26.6,27,87,143,3.9,1.4,255,18,6.1
541,479,7.463,31.5,85,-1,22.6,24,97,141,4,1.38,276,21,7.1
542,480,7.511,34.2,55,4,27.3,28,91,139,4.8,1.32,279,21,7.1
543,481,7.311,49.7,63,-1,25,27,89,144,4.5,1.51,280,22,7.5
544,482,7.502,31.9,52,2,25,26,90,140,3.7,1.29,269,21,7.1
545,483,7.403,32.1,57,-5,20,21,90,140,4,1.26,266,22,7.5
546,484,7.601,27,42,5,26.6,27,87,139,3.5,1.3,272,24,8.2
547,485,7.501,35.4,44,5,27.7,29,84,140,3.5,1.36,269,23,7.8
548,486,7.515,28.3,49,0,22.9,24,89,141,3.7,1.44,275,24,8.2
549,487,7.615,24.7,46,4,25,26,90,139,4.1,1.3,260,24,8.2
550,488,7.655,22.6,54,4,25.2,26,94,141,4,1.32,265,19,6.5
551,489,7.648,21.8,53,3,23.8,24,94,142,4.4,1.2,250,19,6.5
552,490,7.633,23.5,49,4,24.9,26,92,138,4.3,1.36,262,22,7.5
553,491,7.48,34.7,45,2,25.9,27,84,142,4.5,1.3,243,24,8.2
554,492,7.506,28.7,48,0,22.7,24,88,140,4.3,1.07,234,20,6.8
555,493,7.414,35.6,48,-2,22.7,24,84,139,4.1,0.95,226,18,6.1
556,494,7.564,28.3,50,3,25.5,26,91,142,4.1,1.35,265,20,6.8
557,495,7.487,30,40,-1,22.7,24,80,143,4.4,1.2,251,19,6.5
558,496,7.539,33.2,49,6,28.3,29,89,142,4.1,1.36,266,20,6.8
559,497,7.432,34.5,41,-1,23,24,79,142,5.1,1.25,256,20,6.8
560,498,7.532,31.1,44,3,26.1,27,86,142,4.5,1.19,256,18,6.1
561,499,7.451,37.4,37,2,26.1,27,74,143,4.7,1.35,248,23,7.8
562,500,7.572,36.2,40,11,33.4,34,82,141,4.5,1.46,276,19,6.5
563,501,7.457,35.6,34,1,25.1,26,70,143,4.5,1.35,272,22,7.5
564,502,7.79,28.8,41,6,27.7,29,85,140,4.1,1.37,257,18,6.1
565,503,7.432,39.1,30,2,26,27,60,142,4.9,1.34,253,24,8.2
566,504,7.556,33,37,7,29.2,30,80,141,4.1,1.34,256,20,6.8
567,505,7.47,34.3,37,1,24.9,26,75,141,4.7,1.2,267,23,7.8
568,506,7.595,26.8,,4,26,27,,142,4.2,1.37,263,18,6.1
569,507,7.445,40.1,27,3,27.5,29,52,144,5.1,1.29,261,22,7.5
570,508,7.569,28.3,42,4,25.9,27,86,142,4,1.28,260,18,6.1
571,509,7.324,44.2,42,-3,23.3,25,74,142,4.3,1.4,266,23,7.8
573,510,7.374,20.2,58,-13,11.8,12,90,144,3.9,1.67,271,25,8.5
574,511,7.561,20.6,57,-4,18.5,19,94,139,3.4,1.37,305,21,7.1
575,512,7.437,27.2,34,-6,18.3,19,70,142,3.4,1.52,306,21,7.1
576,513,7.606,18,60,-4,18,18,95,137,2.9,1.26,280,18,6.1
577,514,7.585,20.9,71,-2,19.8,20,97,143,3,1.45,286,24,8.2
578,515,7.556,16,81,-8,14.1,15,98,142,3.2,1.41,288,26,8.8
579,516,,,90,,,,,140,3.1,1.52,272,19,6.5
580,517,7.459,23,38,-8,16.3,17,78,143,3.7,1.47,284,25,8.5
581,518,7.499,19.5,86,-8,15.2,16,98,143,3.3,1.45,290,24,8.2
582,519,7.415,26.1,56,-8,16.7,18,90,143,3.9,1.31,279,21,7.1
583,520,7.5,15.9,40,-11,12.4,13,82,138,3.9,1.24,277,25,8.5
584,521,7.716,13.1,128,-3,16.7,17,100,145,3.4,1.4,285,15,5.1
585,522,7.739,15.8,116,2,21.3,22,100,136,3.4,1.23,274,22,7.5
586,523,7.665,18,60,0,20.6,21,96,133,4.2,1.23,277,25,8.5
587,524,7.647,16.7,51,-2,18.3,19,93,138,3.9,1.36,314,16,5.4
588,525,7.674,19.9,44,3,23.1,24,90,136,3.6,1.23,272,23,7.8
589,526,7.418,24.5,37,-9,15.8,17,73,145,3,1.4,292,26,8.8
590,527,7.565,19.9,64,-4,18.1,19,95,139,3.4,1.23,303,22,7.5
591,528,7.579,16.4,82,-7,15.3,16,98,133,3.4,1.3,284,22,7.5
592,529,7.471,17.5,105,-11,12.7,13,99,147,3.1,1.46,290,24,8.2
593,530,7.55,14.8,97,-9,12.9,13,99,148,3.5,1.31,280,17,5.8
594,531,7.567,16.1,43,-7,14.6,15,87,146,3.1,1.28,268,24,8.2
595,532,7.377,18.5,70,-14,10.9,11,94,148,3.4,1.19,253,25,8.5
596,533,7.481,21.8,31,-7,16.3,17,66,143,3.3,1.38,283,24,8.2
597,534,7.571,15.7,63,-8,14.4,15,95,144,3.6,1.38,245,24,8.2
598,535,7.582,18.7,54,-4,17.6,18,83,137,3.3,1,262,24,8.2
599,536,7.469,19,54,-10,13.8,14,91,141,3.5,1.33,263,27,9.2
600,537,7.557,19.6,49,18,-5,17,91,143,2.9,1.35,261,18,6.1
601,538,7.625,18.6,38,-2,19.4,20,84,136,3.5,1.24,271,20,6.8
602,539,7.413,18.8,41,-13,12,13,78,139,3.5,1.06,255,26,8.8
603,540,7.302,24.4,57,-14,12.1,13,87,153,3.2,1.47,230,20,6.8
604,541,7.53,24.2,57,-2,20.2,21,93,146,3,1.4,254,22,7.5
605,542,7.497,22.4,119,-6,17.4,18,99,149,3.8,1.33,252,22,7.6
606,543,7.529,19.5,181,-6,16.3,17,100,150,5,1.22,230,17,5.8
607,544,7.441,22.4,35,-9,15.3,16,72,148,2.7,1.2,236,20,6.8
608,545,7.432,20.8,148,-10,13.9,15,99,155,4.7,1.44,223,21,7.1
609,546,7.485,15.3,86,-12,11.5,12,98,150,3,1.12,236,24,8.2
610,547,7.392,27.6,74,-8,16.8,18,95,153,4.4,1.37,234,22,7.5
611,548,7.512,23.6,52,-4,18.9,20,90,149,2.9,1.58,253,21,7.1
612,549,7.5,18.3,72,-9,14.3,15,96,144,3.1,1.29,242,18,6.1
613,550,7.475,19.6,94,-9,14.4,15,98,145,2.9,1.4,228,22,7.5
614,551,7.507,17.4,77,-9,13.8,14,97,146,2.7,1.4,248,22,7.5
615,552,7.501,17.7,82,-9,13.8,14,97,149,2.9,1.45,241,20,6.8
616,553,7.475,19.1,96,-10,14,15,98,150,2.6,1.33,248,25,8.5
617,554,7.579,17.2,79,-6,16.1,17,98,149,3.5,1.29,277,18,6.1
618,555,7.553,24.7,43,-1,21.7,22,86,149,3.1,1.36,271,20,6.8
619,556,7.432,17.9,105,-13,11.8,12,98,148,2.7,1.17,235,22,7.5
620,557,7.496,21.9,39,-6,16.9,18,80,145,2.4,1.33,264,24,8.2
621,558,7.511,21.5,128,-6,17.2,18,99,146,3.3,1.28,243,23,7.8
622,559,7.463,19,54,-10,13.6,14,91,148,3.4,1.41,250,25,8.5
623,560,7.582,12.9,95,-10,12.2,13,99,146,3,1.27,253,22,7.5
624,561,7.588,15.7,73,-7,14.9,15,97,145,2.8,1.29,234,24,8.2
625,562,7.569,18.7,37,-5,17.1,18,81,145,3.1,1.2,245,24,8.2
626,563,7.682,11.3,123,-7,13.4,14,100,151,3.8,1.16,243,25,8.5
627,564,7.472,13.7,54,-14,10,10,91,155,3.2,1.3,234,22,7.5
628,565,7.456,18.6,36,-11,13.1,14,75,148,2.6,1.34,246,27,9.2
629,566,7.528,16.7,69,-9,13.9,14,96,150,2.9,1.12,253,21,7.1
630,567,7.569,18.6,66,18,-5,17,96,145,3.7,1.23,240,15,5.1
631,568,7.487,22.1,33,-7,16.7,17,71,148,2.4,1.31,242,24,8.2
632,569,7.509,15.6,75,-11,1.4,13,97,154,3,1.29,246,23,7.8
633,570,7.68,20.3,37,4,24,25,85,147,3.9,1.33,286,18,6.1
634,571,7.502,18.2,63,-9,14.2,15,94,142,4.1,1.41,196,16,5.4
635,572,7.597,20.4,40,-2,19.9,21,85,154,2.4,1.47,223,20,6.8
636,573,7.764,18.3,81,7,26.3,27,99,140,3.7,1.35,273,20,6.8
637,574,7.774,17.7,73,7,25.9,26,98,136,4.4,1.41,277,18,6.1
638,575,7.639,18.7,60,-1,20,21,96,136,2.4,1.26,261,20,6.8
639,576,7.22,9.1,103,-24,3.7,5,97,171,2.6,1.05,140,32,10.9
640,577,7.632,14,48,-6,14.8,15,92,167,3,1.33,260,27,9.2
641,578,7.496,22.3,33,-6,17.2,18,71,161,3,1.47,258,21,7.1
642,579,7.601,16.4,38,-5,16.1,17,84,166,3.1,1.32,317,25,8.5
643,580,7.46,19.5,35,-10,13.9,14,73,166,3.3,1.35,273,28,9.5
644,581,7.693,15.9,69,-1,19.3,20,98,147,2.8,1.38,333,23,7.8
645,582,7.652,15.5,115,-4,17.1,18,99,138,2.8,1.39,265,23,7.8
646,583,7.545,16.7,32,-8,14.5,15,73,149,2.8,1.35,280,26,8.8
647,584,7.636,21.6,29,2,23,24,73,150,3.8,1.3,318,25,8.5
648,585,7.839,15.8,91,9,26.9,27,99,131,3.5,1.24,334,22,7.5
649,586,7.544,15,56,-9,13,13,93,146,2.8,1.32,283,24,8.2
650,587,7.672,12.2,78,-6,14.1,14,98,149,2.2,1.36,170,19,6.5
651,588,7.78,10.8,66,-3,16.1,16,98,144,3.5,1.09,196,23,7.8
652,589,7.617,18.9,48,-2,19.3,20,91,153,3.3,1.45,259,28,9.5
653,590,7.66,12.5,55,-7,14.1,14,95,139,2,1.28,241,24,8.2
654,591,7.764,16.8,78,5,24,25,99,132,4,1.29,296,22,7.5
655,592,7.77,21.2,37,12,30.8,31,88,132,4.2,1.24,381,19,6.5
656,593,7.581,16.4,82,-6,15.4,16,98,135,2.4,1.22,244,28,9.5
657,594,7.885,16.9,53,15,32,33,97,140,3.9,1.38,344,19,6.5
658,595,7.963,14.1,94,16,31.8,32,100,133,4.6,1.23,360,23,7.8
659,596,7.863,13.1,50,6,23.6,24,96,130,3.2,0.99,256,21,7.1
660,597,7.849,19.2,64,16,33.4,34,98,138,4.6,1.36,301,18,6.1
661,598,7.837,19.8,55,16,33.6,34,97,135,4.1,1.39,313,16,5.4
662,599,7.911,17.2,59,18,34.4,35,98,133,3.9,1.31,320,22,7.5
663,600,7.854,18,39,14,31.7,32,92,138,4.3,1.36,320,18,6.1
664,601,7.731,19.9,78,7,26.4,27,98,134,4.6,1.36,397,17,5.8
665,602,7.871,17.9,78,16,32.7,33,99,134,4.4,1.24,335,17,5.8
666,603,7.978,15.4,45,21,36,36,96,135,4.5,1.22,330,15,5.1
667,604,7.767,16.5,57,5,23.8,24,96,137,4.8,1.42,335,21,7.1
668,605,8.019,15.5,122,25,39.8,40,100,136,4.6,1.26,288,17,5.8
669,606,7.818,17.2,72,10,27.8,28,98,135,4.3,1.32,311,19,6.5
670,607,8.135,11,114,24,37.1,37,100,136,4.9,1,310,20,6.8
671,608,7.584,18.3,60,-4,17.3,18,95,160,3.2,1.45,319,23,7.8
672,609,7.408,19.1,60,-13,12,13,92,163,3.6,1.38,221,31,10.5
673,610,7.374,23.6,40,-11,13.8,14,75,150,3.8,1.55,291,25,8.5
674,611,7.566,20.8,55,-3,18.9,20,93,153,3.4,1.51,279,24,8.2
675,612,7.603,18.9,74,-3,18.7,19,97,133,3.7,1.31,306,22,7.5
676,613,7.768,14.6,88,2,21,21,99,139,3.6,1.48,272,18,6.1
677,614,7.429,18.3,54,-12,12.1,13,90,140,3,1.12,299,23,7.8
678,615,7.9,11.9,116,7,23.2,24,100,132,3.9,1.14,354,20,6.8
679,616,7.481,17.9,46,-10,13.3,14,86,137,2,1.36,266,26,8.8
680,617,7.621,20.6,45,0,21.2,22,90,135,3.9,1.35,289,20,6.8
681,618,7.624,20.2,41,0,21,22,87,157,3.7,1.11,236,23,7.8
682,619,7.813,14.7,,6,23.6,24,,130,2.5,1.11,300,17,5.8
683,620,7.871,10.1,105,1,18.5,19,100,133,2.5,1.15,234,24,8.2
684,621,7.729,22,35,10,29.1,30,85,128,3.9,1.14,423,18,6.1
685,622,7.757,15.5,51,3,21.9,22,95,133,3.7,1.32,327,23,7.8
686,623,7.919,15.5,60,8,31.6,32,15,129,4.1,1.24,422,20,6.8
687,624,7.921,15.1,64,15,31.1,32,98,131,4.3,1.16,335,19,6.5
688,625,7.845,18.2,65,14,31.4,32,98,132,4,1.37,341,23,7.8
689,626,7.98,14.9,73,20,35.1,36,99,134,4.1,1.31,302,19,6.5
690,627,7.836,18.9,47,14,32,33,95,133,3.9,1.32,325,22,7.5
691,761,7.726,22.5,75,10,29.5,30,98,138,4.8,1.1,216,16,5.4
692,762,7.449,31.6,56,-2,22,23,90,137,6.9,1.39,232,,
693,763,7.504,28.2,97,-1,22.2,23,98,138,4.9,1.16,214,,
694,764,7.67,23.8,91,7,27.5,28,99,133,4.2,0.77,260,,
695,765,7.623,25.5,112,5,26.4,27,99,132,4.6,0.62,197,,
696,766,7.859,18.5,59,16,33,34,97,137,5.2,1.15,239,15,5.1
697,767,7.52,24,47,-3,19.6,20,88,132,7.6,0.94,235,,
698,768,7.441,33.3,51,-1,22.7,24,87,138,5.6,1.26,241,15,5.1
699,769,7.489,33.7,43,2,25.6,27,83,140,8,0.91,223,,
700,770,7.428,25.4,67,-8,16.8,18,94,123,4.5,,156,,
701,771,7.562,19.4,79,-5,17.4,18,97,139,5.8,1.25,235,16,5.4
702,772,7.349,43.6,70,-2,24,25,93,136,5.1,0.98,236,,
703,773,7.512,22.2,156,-5,17.8,18,100,129,5.4,0.58,191,,
704,774,7.397,53.6,58,8,33,35,89,138,4.8,1.2,242,,
705,775,7.439,35.9,44,0,24.3,25,81,136,4.4,0.89,218,,
706,776,7.677,26.3,55,11,30.8,32,94,138,5.1,1.39,235,15,5.1
707,777,7.384,34.7,73,-4,20.7,22,94,134,5.7,1.13,215,19,6.5
708,778,7.601,22.2,73,0,21.9,23,97,131,4.5,0.66,215,,
709,779,7.521,22.3,80,-5,18.3,19,97,135,5.6,0.94,217,,
710,780,7.575,31.3,115,7,29.2,30,99,139,5.7,1.1,215,15,5.1
711,781,7.543,34.6,46,7,29.8,31,87,141,4.9,1.29,238,18,6.1
712,782,7.621,25.6,41,5,26.4,27,87,139,4.5,1.14,222,16,5.4
713,783,7.522,33.9,51,5,27.9,29,89,139,4.5,1.29,233,16,5.4
714,784,7.506,35.1,57,5,27.7,29,92,142,4.7,1.28,228,17,5.8
715,785,7.469,36,50,3,26.2,27,87,142,5.1,1.16,231,16,5.4
716,786,7.557,30.9,54,5,27.5,28,92,143,6,1.34,290,17,5.8
717,787,7.374,37,48,-4,21.6,23,82,144,5.9,1.4,219,22,7.5
718,788,7.502,30.6,38,1,24,25,79,142,4.4,1.19,239,18,6.1
719,789,7.488,32.8,43,1,24.9,26,83,143,4.6,1.29,217,20,6.8
720,790,7.431,40.1,44,2,26.7,28,81,144,6.3,1.41,235,20,6.8
721,791,7.329,44.5,61,-3,23.4,25,89,145,5.7,1.34,251,17,5.8
722,792,7.539,38.4,44,10,32.7,34,85,142,5.3,1.27,264,16,5.4
723,793,7.432,39.6,43,2,26.4,28,80,145,4.9,1.22,246,21,7.1
724,794,7.522,38,47,8,31.2,32,87,143,4.7,1.48,230,17,5.8
725,795,7.565,33.8,60,9,30.6,32,94,145,4.9,1.34,248,18,6.1
726,796,7.44,33.9,47,-1,23,24,84,140,4.7,1.18,219,16,5.4
727,797,7.543,34.4,50,7,29.6,31,90,145,4.4,1.31,240,19,6.5
728,798,7.564,24.5,79,0,22.1,23,97,140,5,1.09,219,17,5.8
729,799,7.337,39.6,44,-5,21.2,22,77,144,5,1.24,241,23,7.8
730,800,7.48,39.9,49,6,29.7,31,87,144,4.9,1.31,242,18,6.1
731,801,7.233,50,49,-6,21.1,23,76,146,5.9,1.2,225,21,7.1
732,802,7.372,47.2,44,2,27.4,29,78,161,4,1.38,237,39,13.3
733,803,7.305,44.6,49,-4,22.2,24,80,144,5.4,1.27,241,18,6.1
734,804,7.398,36,62,-3,22.2,23,92,141,5.3,0.93,205,18,6.1
735,805,7.359,40.3,49,-3,22.7,24,82,168,5.1,1.32,228,30,10.2
736,806,7.458,27.9,80,-4,19.7,21,97,142,4.5,,194,18,6.1
737,807,7.48,33.3,52,1,24.8,26,89,159,4.3,1.03,206,33,11.2
738,808,7.262,39.2,64,-9,17.7,19,89,143,6,0.96,235,25,8.5
739,809,7.255,53.9,45,-3,23.9,26,72,145,6.9,0.92,215,22,7.5
740,810,7.423,38,52,0,24.8,26,87,152,5.2,1.13,220,27,9.2
741,811,7.337,47,49,-1,25.2,27,81,162,5.1,1.05,242,32,10.9
742,812,7.381,41.1,44,-1,24.4,26,79,140,5.1,0.95,274,19,6.5
743,813,7.417,34.1,53,-3,21.9,23,88,159,4.5,1.8,226,25,8.5
744,814,7.41,39.8,48,1,25.2,26,84,139,5.4,1.12,205,22,7.5
745,815,7.377,37.7,49,-3,22.2,23,84,143,4.9,1.09,207,,
746,816,7.314,45.7,76,-3,23.2,25,94,144,5.3,1.15,218,19,6.5
747,817,7.383,43,45,1,25.6,27,80,161,4.3,1.13,286,27,9.2
748,818,7.431,34.2,65,-2,22.8,24,93,156,4.3,0.93,192,22,7.5
749,819,7.369,40.6,47,-2,23.5,25,81,142,5.3,1.01,212,21,7.1
750,820,7.34,45.3,57,-1,24.5,26,87,150,5,1.11,233,24,8.2
751,821,7.391,36.7,55,-3,22.3,23,88,154,4.7,0.92,219,25,8.5
752,822,7.36,30.7,83,-8,17.4,18,96,140,5.6,1.16,211,,
753,823,7.626,39,43,20,40.7,42,87,133,4.4,,197,15,5.1
754,824,7.599,29.1,49,7,28.5,29,91,133,4.6,,192,,
755,825,7.602,25.4,41,4,25.1,26,86,129,4.2,,180,,
756,826,7.516,33.8,41,4,27.3,28,82,135,4.9,,210,16,5.4
757,827,7.566,35.7,45,10,32.4,33,87,135,4.5,,201,15,5.1
758,828,7.503,37,44,6,29,30,84,137,4.8,,217,,
759,829,7.458,35,45,1,24.8,26,83,135,4.7,,261,16,5.4
760,830,7.481,39.6,47,6,29.6,31,85,133,4.3,0.88,208,,
761,831,7.474,26.5,45,-4,19.5,20,85,127,4.4,,157,,
762,832,7.534,37.6,48,9,31.7,33,88,138,5,1.4,238,20,6.8
763,833,7.469,39.3,48,5,28.6,30,86,141,5.3,1.4,233,21,7.1
764,834,7.456,35.4,51,1,25,26,88,138,5.1,1.24,244,16,5.4
765,835,7.48,38.8,41,5,28.9,30,80,137,4.5,1.15,224,16,5.4
766,836,7.667,28.2,40,12,32.4,33,87,134,4,0.95,233,,
767,837,7.55,31.7,46,5,27.8,29,88,136,5,1.17,214,,
768,838,7.582,34.4,42,11,32.4,33,85,136,4.8,1.05,230,18,6.1
769,839,7.504,30.2,43,1,23.8,25,83,131,5.7,,197,,
770,840,7.571,35.5,38,11,32.6,34,81,137,4.4,1.16,225,19,6.5
771,841,7.469,33.6,44,1,24.4,25,83,136,4.3,0.99,185,,
772,842,7.492,39.1,41,7,30,31,81,130,5.2,,176,,
773,843,7.562,30.3,64,5,27.2,28,95,141,3.8,1.4,249,23,7.8
774,844,7.419,35,51,-1,23.1,23.1,86,142,3.9,1.29,247,22,7.5
775,845,7.512,33.8,55,4,27,28,91,140,4.1,1.34,274,21,7.1
776,846,7.532,31.1,44,3,26.1,27,86,142,4.5,1.19,256,18,6.1
777,847,7.463,31.5,85,-1,22.6,24,97,141,4,1.38,276,21,7.1
778,848,7.566,27,52,2,24.5,25,91,142,4.4,1.32,239,22,5.5
779,849,7.423,43.5,51,4,28.4,30,87,141,4.1,1.44,250,20,6.8
780,850,7.55,28.7,53,3,25.1,26,91,142,4.5,1.29,240,22,7.5
781,851,7.474,36,53,3,26.4,27,90,143,4.8,1.41,239,22,7.5
782,852,7.478,37.2,,4,27.6,29,,145,5.4,,218,22,7.5
783,853,7.403,45.5,40,4,28.4,30,75,144,6.5,1.26,242,22,7.5
784,854,7.402,43.9,39,3,27.3,29,73,143,5.7,1.35,232,18,6.5
785,855,7.469,37.8,49,4,27.5,29,87,142,5.5,1.39,231,18,6.1
786,856,7.41,38.2,52,0,24.2,25,87,145,5.4,1.41,247,18,6.1
787,857,7.462,36.4,53,2,26,27,89,144,5,1.46,246,20,6.8
788,858,7.442,38.5,48,2,26.3,27,85,145,5,1.41,237,18,6.1
789,859,7.468,37.8,43,4,27.4,28,82,143,4.8,1.41,231,19,6.5
790,860,7.404,45.7,45,4,28.6,30,80,143,5.1,1.46,221,21,7.1
791,861,7.424,43.3,47,4,28.3,30,83,142,4.7,1.5,238,22,7.5
792,862,7.486,37.9,48,5,28.6,30,87,143,5.2,1.41,220,19,6.5
793,863,7.429,43.2,46,4,28.6,30,82,144,5.8,1.33,216,19,6.5
794,864,7.451,36.4,56,1,25.4,26,90,145,5.2,1.38,232,19,6.5
795,865,7.371,43.9,39,0,25.4,27,71,142,5.1,1.39,222,20,6.8
796,866,7.407,40.2,41,1,25.3,26,77,142,5.3,1.45,230,24,8.2
797,867,7.469,32.2,47,0,23.4,24,86,144,5.2,1.36,233,21,7.1
798,868,7.499,37.4,46,6,29.1,30,85,143,5.1,1.35,233,19,6.5
799,869,7.477,35.6,44,3,26.3,27,83,144,5.2,1.47,231,16,5.4
800,870,7.4,45,46,3,27.9,29,82,144,5.7,1.44,228,18,6.1
801,871,7.435,38.1,43,1,25.6,27,80,142,5.2,1.46,229,21,7.1
802,872,7.398,39.7,43,0,24.5,26,79,140,6.3,1.48,335,17,5.8
803,873,7.362,47.1,44,1,26.7,28,77,141,5.6,1.44,250,22,7.5
804,874,7.362,51.5,44,4,29.2,31,77,142,6.1,1.42,245,20,6.8
805,875,7.311,46.8,48,-3,23.6,25,79,150,6,1.43,240,20,6.8
806,876,7.494,35.9,49,4,27.6,29,88,145,5,1.46,210,21,7.1
807,877,7.369,42,51,-1,24.2,25,84,144,5.2,1.41,239,21,7.1
808,878,7.365,52.5,45,5,30,32,78,151,5.4,1.46,244,25,8.5
809,879,7.444,39.6,51,3,27.1,28,87,149,4.8,1.4,227,21,7.1
810,880,7.442,40,47,3,27.3,28,84,147,5.4,1.41,220,21,7.1
811,881,7.417,45.2,46,5,29.2,31,82,147,5.2,1.48,236,20,6.8
812,882,7.434,36.1,47,0,24.2,25,84,145,5.1,1.47,217,21,7.1
813,893,7.457,38.4,43,3,27.1,28,81,145,5.3,1.42,223,22,7.5
814,894,7.413,38.9,53,0,24.8,26,87,144,5.2,1.51,233,20,6.8
815,895,7.427,41.4,45,3,27.2,28,82,145,5.5,1.47,225,21,7.1
816,896,7.42,43.8,48,4,28.4,30,84,148,5.1,1.57,214,19,6.5
817,897,7.405,41,48,1,25.7,27,83,144,5.9,1.51,223,22,7.5
818,898,7.376,55.7,43,7,32.6,34,77,149,5.6,1.5,247,22,7.5
819,899,7.458,44.1,36,7,31.2,33,71,148,5.2,1.45,227,20,6.8
820,900,7.412,40.9,57,1,26,27,89,141,5,1.47,225,19,6.5
821,901,7.37,50.6,53,4,29.2,31,86,149,5.9,1.49,228,22,7.5
822,902,7.352,42.1,60,-2,23.3,25,89,147,5.2,1.44,256,23,7.8
824,903,7.313,36,43,-8,18.3,19,74,143,7.7,1.53,220,,
825,904,7.642,19.7,43,0,21.3,22,89,143,4.6,1.24,219,18,6.1
826,905,7.499,21.8,42,-6,17,18,84,141,4,1.29,187,16,5.4
827,906,7.448,34.7,34,0,24,25,69,145,4.9,1.28,197,17,5.8
828,907,7.548,20.5,50,-5,17.8,18,91,143,6.7,1.19,203,,
829,908,7.491,31.1,40,0,23.7,25,81,144,4.1,1.37,214,18,6.1
830,909,7.558,23.9,53,-1,21.3,22,92,145,4.1,1.41,194,19,6.5
831,910,7.35,34.7,35,-6,19.1,20,64,145,4.8,1.5,204,15,5.1
832,911,7.603,23.4,47,2,23.1,24,90,145,5,1.5,213,15,5.1
833,912,7.43,34.4,42,-1,22.8,24,80,144,4.5,1.5,226,19,6.5
834,913,7.393,32.4,54,-5,19.7,21,88,145,4.5,1.45,190,15,
835,914,7.443,35.5,41,0,24.3,25,78,141,7.1,1.35,217,,
836,915,7.683,17.3,36,0,20.6,21,85,143,4.3,1.21,198,18,6.1
837,916,7.389,31.2,49,-6,18.8,20,85,146,4.2,1.48,213,18,6.1
838,917,7.505,28.3,44,-1,22.3,23,85,144,5,1.41,200,17,5.8
839,918,7.379,39.3,28,-2,23.2,24,52,145,3.2,1.5,190,18,6.1
840,919,7.475,27.4,31,-3,20.1,21,66,144,4.8,1.32,184,18,6.1
841,920,7.595,20.7,42,-2,20.1,21,87,141,5.2,1.28,202,18,6.1
842,921,7.58,24,54,1,22.5,23,93,146,4.2,1.42,224,20,6.8
843,922,7.506,23,68,-5,18.2,19,95,139,5.3,1.49,223,16,5.4
844,923,7.547,10.8,85,-13,9.4,10,98,150,4.9,0.52,193,,
845,924,7.535,20.1,55,-6,17,18,93,145,5.5,1.01,163,,
846,925,7.221,62.4,19,-2,25.6,27,20,128,4.8,1.41,204,30,10.2
847,926,7.284,34.1,44,-11,16.2,17,75,140,5.2,1.38,405,,
848,927,7.443,30.7,40,-3,21,22,78,142,4.8,1.34,206,,
849,928,7.344,39.6,34,-4,21.6,23,62,144,3.6,1.54,220,17,5.8
850,929,7.419,35.7,0,-1,23.1,24,0,145,3.1,1.44,207,18,6.1
851,930,7.411,28.9,47,-6,18.3,19,84,144,5.5,1.22,184,20,6.8
852,931,7.497,19.7,45,-8,15.3,16,86,149,3.7,1.03,139,,
853,932,7.46,34.1,42,0,24.3,25,81,144,3.8,1.57,,18,6.1
854,933,7.347,30.2,36,-9,16.6,17,67,140,4.8,1.43,202,15,5.1
855,934,7.509,25.3,58,-3,20.1,21,93,143,5,1.32,212,15,0
856,935,7.496,26.6,46,-3,20.5,21,86,143,5.5,1.18,210,20,6.8
857,936,7.547,24,46,-2,20.9,22,88,139,5.2,1.49,202,16,5.4
858,937,7.469,22.8,60,-7,16.5,17,93,145,4.1,1.58,217,17,5.8
859,938,7.408,29.1,49,-6,18.3,19,86,143,4.7,1.36,202,18,6.1
860,939,7.451,33.2,35,-1,23.1,24,70,143,3.1,1.56,229,20,6.8
861,940,7.626,26.2,37,6,27.3,28,83,141,5.3,1.54,218,15,0
862,941,7.447,29.7,78,-4,20.5,21,96,135,9,1.27,237,15,0
863,942,7.453,27.3,59,-5,19.1,20,92,145,5,1.49,225,18,6.1
864,943,7.569,21.8,42,-2,20,21,86,141,4.9,1.34,247,19,6.5
865,944,7.325,44.5,26,-3,23.2,25,44,145,4.8,1.54,204,19,6.5
866,945,7.528,21.8,54,-5,18.2,19,92,143,4.9,1.37,209,17,5.8
867,946,7.449,28.8,46,-4,20,21,85,142,5.6,1.03,153,20,6.8
868,947,7.372,33.5,49,-6,19.5,20,84,142,6.2,1.37,193,,
869,948,7.332,37.5,37,-6,19.9,21,68,142,5.2,1.48,198,20,6.8
870,949,7.367,41.9,39,-1,24.1,25,71,142,5.4,1.64,222,21,7.1
871,950,7.46,30.5,49,-2,21.7,23,87,141,4.4,1.42,237,,
872,951,7.452,28,37,-4,19.6,20,75,143,3.9,1.22,157,18,6.1
873,952,7.477,21.8,40,-7,16.1,17,81,143,3.6,1.27,177,20,6.8
874,953,7.35,40.1,36,-3,22.1,23,66,143,4.9,1.51,240,18,6.1
875,954,7.471,30.1,58,-2,22,23,92,,4.3,1.57,184,16,5.5
876,955,7.445,25.3,69,-7,17.4,18,95,142,6.5,1.59,236,15,5.1
877,956,7.342,30.9,42,-9,16.7,18,76,144,4.2,1.48,207,19,6.5
878,957,7.614,26.2,53,5,26.5,27,93,143,5,1.43,224,19,6.5
879,958,7.539,28.4,31,2,24.2,25,70,145,5.2,1.54,248,,
880,959,7.463,32.4,38,-1,23.2,24,76,141,4,1.61,230,17,5.8
881,960,7.399,34.7,29,-3,21.5,22,55,142,4.7,1.51,270,19,6.5
882,961,7.439,28,44,-5,19,20,83,143,4.2,1.31,198,19,6.5
883,962,7.388,37.9,38,-2,22.8,24,72,147,4.8,1.43,186,20,6.8
884,963,7.491,25.5,53,-4,19.5,20,90,146,5.2,1.2,182,15,5.1
885,964,7.428,33.4,40,-2,22,23,77,145,4.4,1.48,211,19,6.5
886,965,7.512,28.1,51,0,22.5,23,90,145,4.3,1.73,231,17,5.8
887,966,7.348,36,41,-6,19.8,21,74,142,5.9,1.38,216,16,5.4
888,967,7.543,27.4,42,1,23.6,24,85,144,4.3,1.38,218,,
889,968,7.442,32.8,37,-2,22.3,23,74,143,4.8,1.37,216,22,7.5
890,969,7.355,45.1,49,0,25.2,27,72,143,4,1.58,215,26,8.8
891,970,7.388,33.7,43,-5,20.3,21,79,144,4.9,1.45,208,17,5.8
892,971,7.392,33.8,30,-4,20.5,22,59,144,3.5,1.49,213,16,5.4
893,972,7.476,29.2,41,-2,21.5,22,81,144,3.5,1.38,206,16,5.4
894,973,7.491,34.9,26,3,26.7,28,55,144,2.9,1.48,214,18,6.1
895,974,7.642,19.7,43,0,21.3,22,89,143,4.6,1.24,219,18,6.1
896,975,7.6,23,69,1,22.6,23,97,143,4.6,1.47,207,16,5.4
897,976,7.348,45.8,52,-1,25.1,27,84,142,6.4,1.52,229,22,7.5
898,977,7.344,47.3,47,0,25.2,27,80,144,6.1,1.52,263,24,8.2
899,978,7.492,34,42,3,26,27,83,145,5.8,1.47,235,23,7.8
900,979,7.348,45.8,52,-1,25.1,27,84,142,6.4,1.52,229,22,7.5
901,980,7.448,41.5,48,5,28.7,30,85,147,5.7,1.42,227,21,7.1
902,981,7.395,33.6,52,-4,20.6,22,87,145,5.2,1.48,266,21,7.1
903,982,7.328,42.7,49,-4,22.4,24,82,147,6.3,1.44,271,21,7.1
904,983,7.32,41.1,49,-5,21.2,22,81,139,6.1,1.25,249,23,7.8
905,984,7.268,45.8,64,-6,20.9,22,89,144,6.8,1.51,238,26,8.8
906,985,7.455,33.9,53,0,23.9,25,89,142,5.3,1.43,243,19,6.5
907,986,7.357,47.3,47,1,26.5,28,80,142,5.4,1.47,223,19,6.5
908,987,7.385,41.4,44,0,24.8,26,78,145,5.8,1.5,240,19,6.5
909,988,7.285,55.6,72,0,26.6,28,92,143,5.1,1.51,230,24,8.2
910,989,7.249,28.8,64,-15,12.6,13,89,145,6.5,1.51,239,18,6.1
911,990,7.272,47.9,49,-5,22.1,24,78,145,6.1,1.58,248,22,7.5
912,991,7.383,45.1,60,2,26.8,28,90,141,6.8,1.42,231,24,8.2
913,992,7.454,36.9,50,2,25.9,27,87,143,5.6,1.6,259,19,6.5
914,993,7.309,39,52,-7,19.6,21,83,146,5.7,1.46,247,22,7.5
915,994,7.43,44.3,41,5,29.4,31,77,142,5.9,1.47,248,19,6.5
916,995,7.395,39.5,41,-1,24.2,25,75,143,4.9,1.34,244,19,6.5
917,996,7.363,45.6,41,1,25.9,27,75,143,5.8,1.56,230,21,7.1
918,997,7.324,46.6,49,-2,24.3,26,81,145,5.9,1.47,262,22,7.5
919,998,7.338,45,39,-2,24.2,26,70,141,6.6,1.44,246,27,9.2
920,999,7.332,41.4,55,-4,21.9,23,86,143,6.9,1.39,257,22,7.5
921,1000,7.338,42.4,52,-3,22.8,24,84,144,5.3,1.51,261,23,7.8
922,1001,7.296,38.9,45,-8,19,20,76,146,6,1.29,242,19,6.5
923,1002,7.313,44.2,47,-4,22.4,24,79,145,5.5,1.52,258,22,7.5
924,1003,7.398,40.2,55,0,24.8,26,88,144,6,1.53,240,20,6
925,1004,7.417,34.8,47,-2,22.4,23,83,144,5.4,1.33,222,16,5.4
926,1005,7.465,39.1,56,4,28.1,29,90,,5.7,1.48,255,19,6.5
927,1006,7.384,41.6,50,0,24.9,26,84,141,5.4,1.45,243,23,7.8
928,1007,7.391,45.9,50,3,27.8,29,84,143,6.3,1.51,252,24,8.2
929,1008,7.364,40.7,49,-2,23.2,24,83,142,6,1.49,261,20,6.8
930,1009,7.34,43.5,54,-2,23.4,25,85,145,5.2,1.53,251,22,7.5
931,1010,7.285,37.8,47,-9,18,19,78,144,6.2,1.53,314,21,7.1
932,1011,7.277,49.3,41,-4,23,24,69,143,7.3,1.49,248,22,7.5
933,1012,7.409,42.4,47,2,26.8,28,82,142,6.1,1.36,266,21,7.1
934,1013,7.18,45.3,50,-11,16.9,18,75,145,7,1.34,262,19,6.5
935,1014,7.292,51.2,61,-2,24.7,26,88,145,3.8,1.46,244,25,8.5
936,1015,7.275,46.3,57,-5,21.5,23,85,141,6.3,1.44,275,24,8.2
937,1016,7.426,37,46,0,24.3,25,83,143,6.1,1.4,250,21,7.1
938,1017,7.352,48.9,52,2,27.1,29,84,146,5.9,1.46,241,21,7.1
939,1018,7.416,36.7,43,-1,23.6,25,79,145,5.9,1.44,239,24,8.2
940,1019,7.332,44.8,48,-2,23.7,25,80,147,5.8,1.63,233,22,7.5
941,1020,7.389,44.8,52,2,27.1,28,86,143,5.6,1.48,258,21,7.1
942,1021,7.312,41.5,48,-5,21,22,80,142,6.5,1.47,273,22,7.5
943,1022,7.235,52.2,48,-5,22.1,24,75,145,5.8,1.52,246,32,10.9
944,1023,7.288,40.1,48,-7,19.2,20,79,144,5.6,1.46,247,24,8.2
945,1024,7.355,38.5,56,-4,21.5,23,87,146,4.9,1.51,235,24,8.2
946,1025,7.344,50.3,64,2,27.4,29,91,147,4.1,1.49,215,23,7.8
947,1026,7.332,42.3,48,-4,22.4,24,80,144,6.5,1.5,234,21,7.1
948,1027,7.485,41.7,41,8,31.4,33,80,144,5.8,1.39,237,20,6.8
949,1028,7.452,38,44,3,26.6,28,82,143,6,1.43,238,23,7.8
950,1029,7.362,39.1,61,-3,22.2,23,90,142,5.6,1.51,273,21,7.1
951,1030,7.343,43.1,56,-2,23.4,25,87,144,5.3,1.45,253,21,7.1
952,1031,7.539,28.4,31,2,24.2,25,70,145,5.2,1.54,248,,
953,1032,7.224,45.4,62,-9,18.7,20,86,143,6,1.38,241,19,6.5
954,1033,7.34,39.7,47,-4,21.4,23,80,144,5.3,1.49,315,18,6.1
955,1034,7.427,34.4,57,-2,22.7,24,90,142,4.4,1.47,260,20,6.8
956,1035,7.373,49.2,52,3,28.7,30,85,141,6,1.43,268,19,6.5
957,1036,7.321,47.2,51,-2,24.4,26,82,143,5.2,1.5,244,21,7.1
958,1037,7.447,41.3,43,4,28.5,30,81,144,5.5,1.38,242,21,7.1
959,1038,7.417,43.4,48,3,27.9,29,84,147,4.8,1.53,235,24,8.2
960,1039,7.442,42.2,47,5,28.8,30,84,145,5.3,1.53,256,22,7.5
961,1040,7.267,49.1,60,-5,22.4,25,86,145,6.1,1.56,268,25,8.2
962,1041,7.386,41.8,43,0,25.1,26,78,143,5.8,1.59,262,24,8.2
963,1042,7.317,51.6,47,0,26.4,28,78,143,6.5,1.49,244,25,8.5
964,1043,7.418,41.1,51,2,26.5,28,86,146,5.5,1.52,256,23,7.8
965,1044,7.444,45.6,48,7,31.2,33,85,141,5.1,1.42,256,21,7.1
966,1045,7.396,44.3,46,2,27.2,29,81,141,6.5,1.49,243,18,6.1
967,1046,7.477,39.2,37,5,28.9,30,75,145,4.7,1.36,232,22,7.5
968,1047,7.351,49.6,42,2,27.4,29,74,144,6.6,1.47,250,21,7.1
969,1048,7.303,44.7,60,-4,22.2,23,88,144,5.3,1.53,268,20,6.8
970,1049,7.357,49.2,50,2,27.5,29,83,143,5.6,1.52,265,20,6.8
971,1050,7.227,52.3,46,-6,21.8,23,73,145,4.5,1.5,228,20,6.8
972,1051,7.422,40.5,51,2,26.4,28,86,148,4.8,1.58,239,21,7.1
973,1052,7.475,38.6,50,5,28.4,30,87,145,4.4,1.56,228,23,7.8
974,1053,7.463,39.4,54,4,28.3,29,90,145,4,1.55,228,22,7.5
975,1054,7.225,56.8,41,-4,23.5,25,65,144,6,1.57,222,24,8.2
976,1055,7.258,52.8,42,-4,23.6,25,70,145,5.8,1.47,224,27,9.2
977,1056,7.368,43.9,44,0,25.3,27,78,144,4.4,1.43,248,24,8.2
978,1057,7.288,41.7,76,-7,20,21,93,144,8.2,1.36,264,15,
979,1058,7.368,44.9,47,1,25.9,27,81,143,5.8,1.46,312,19,6.5
980,1059,7.35,52.5,44,3,29,31,77,146,5,1.46,222,24,8.2
981,1060,7.346,42.4,46,-3,23.2,24,79,143,5.2,1.43,266,22,7.5
982,1061,7.391,37.9,50,-2,23,24,85,146,5.4,1.52,201,21,7.1
983,1062,7.409,35.2,61,-2,22.3,23,91,143,4.9,1.43,273,21,7.1
984,1063,7.114,60.2,47,-10,19.3,21,67,142,7.1,1.56,247,23,7.8
985,1064,7.169,63.9,70,-5,23.2,25,88,144,7.8,1.55,233,15,
986,1065,7.271,61.3,39,1,28.2,30,64,146,5.1,1.55,243,19,6.5
987,1066,7.254,55.5,48,-3,24.5,26,76,145,5.2,1.58,258,27,9.2
988,1067,7.388,45.4,48,2,27.4,29,74,145,5.5,1.53,233,21,7.1
989,1068,7.259,53.4,47,-3,23.9,25,76,144,4.8,1.42,229,20,6.8
990,1069,7.368,41.7,46,-1,24,25,80,147,5.3,1.51,215,20,6.8
991,1070,7.318,40.6,45,-5,20.8,22,77,145,5.4,1.38,220,18,6.1
992,1071,7.211,65.6,22,-2,26.3,28,26,144,6.3,1.4,229,27,9.2
993,1072,7.388,43.6,51,1,26.3,28,85,141,7.1,1.4,243,16,5.4
994,1073,7.557,33.6,55,8,29.9,31,92,142,5.8,1.38,225,15,
995,1074,7.434,38.9,47,2,26.1,27,84,142,4.2,1.48,250,21,7.1
996,1075,7.359,47.9,42,2,27,28,75,146,4.5,1.46,233,24,8.2
997,1076,7.487,39.3,60,6,29.8,31,93,143,5.6,1.32,244,15,
998,1077,7.339,39.4,36,-5,21.2,22,66,150,5.2,1.39,234,22,7.5
999,1078,7.418,45.1,50,5,29.1,30,85,144,4.5,1.46,222,22,7.5
1000,1079,7.254,54.6,42,-3,24.2,26,68,146,5.3,1.53,234,22,7.5
1001,1080,7.254,62.5,35,1,27.7,30,56,146,5.3,1.43,257,25,8.5
1002,1081,7.279,53.4,43,-2,25,27,71,146,4.7,1.41,246,21,7.1
1003,1082,7.326,45.6,38,-2,23.8,25,68,143,5.5,1.46,236,21,7.1
1004,1083,7.371,40.4,75,-2,23.4,25,94,146,6.8,1.42,219,15,
1005,1084,7.27,48,39,-5,221,24,66,147,6.4,1.55,223,24,8.2
1006,1085,7.346,42.2,48,-3,23.1,24,81,145,4.3,1.4,264,20,6.8
1007,1086,7.39,42.2,40,1,25.6,27,74,143,7.2,1.36,252,15,
1008,1087,7.366,51.5,44,4,29.5,31,77,143,4.6,1.43,245,20,6.8
1009,1088,7.337,53.5,48,3,28.7,30,80,147,5.1,1.54,270,24,8.2
1010,1089,7.328,44.1,48,-3,23.1,24,80,141,5.7,1.38,286,19,6.5
1011,1090,7.331,60.3,29,6,31.8,34,52,143,4.7,1.48,257,24,8.2
1012,1091,7.182,36.5,58,-15,13.7,15,83,143,6.8,1.49,251,21,7.1
1013,1092,7.377,46.7,47,2,27.5,29,81,144,4.9,1.55,216,21,7.1
1014,1093,7.499,32.8,58,2,25.5,26,92,146,5.2,1.52,230,23,7.8
1015,1094,7.305,42.9,41,-5,21.3,23,70,149,3.6,1.5,231,26,8.8
1016,1095,7.43,33.5,49,-2,22.3,23,86,146,4,1.45,279,27,9.2
1017,1096,7.304,45.5,44,-4,22.5,24,76,148,5.4,1.51,254,22,7.5
1018,1097,7.536,27.9,48,1,23.6,24,89,145,5,1.44,221,28,9.5
1019,1098,7.422,49.3,40,0,32.1,34,75,145,5,1.55,251,23,7.8
1020,1099,7.346,53.4,40,4,29.2,31,71,145,6.3,1.52,230,24,8.2
1021,1100,7.221,65.3,55,-1,26.8,29,81,147,6.2,1.54,228,24,8.2
1022,1101,7.315,57.3,42,3,29.2,31,71,145,5.2,1.59,235,22,7.5
1023,1102,7.356,43.2,53,-1,24.2,25,85,145,6.1,1.35,221,19,6.5
1024,1103,7.448,33.7,55,-1,23.3,24,90,146,4.7,1.43,224,20,6.8
1025,1104,7.277,44.6,51,-6,20.8,22,81,143,5.9,1.54,265,24,8.2
1026,1105,7.481,26.3,123,-4,19.7,20,99,144,6,1.35,242,15,
1027,1106,7.452,41.5,38,5,28.9,30,74,144,4,1.52,219,22,7.5
1028,1107,7.357,37.8,79,-4,21.2,22,95,142,6.3,1.41,270,18,6.1
1029,1108,7.382,51.3,29,5,30.5,32,52,141,5.7,1.46,229,19,6.5
1030,1109,7.362,40.6,40,-2,23,24,72,143,5.8,1.46,237,23,7.8
1031,1110,7.393,40.2,45,0,24.5,26,81,144,5.5,1.41,226,24,8.2
1032,1111,7.138,50,69,-12,16.9,18,87,146,7.2,1.45,252,17,5.8
1033,1112,7.365,46.1,51,1,26.4,28,84,143,6.2,1.41,246,15,
1034,1113,7.294,45.6,47,-4,22.1,24,78,146,5.6,1.48,249,23,7.6
1035,1114,7.386,47.3,49,3,28.3,30,84,146,5,1.48,221,22,7.5
1036,1115,7.308,43,54,-5,21.6,23,85,144,5,1.5,257,23,7.8
1037,1116,7.417,42.4,38,3,27.3,29,73,146,5.2,1.55,209,22,7.5
1038,1117,7.322,59.5,42,5,30.8,33,72,142,5.2,1.38,249,21,7.1
1039,1118,7.336,38.2,43,-5,20.4,22,76,147,5,1.55,306,23,7.8
1040,1119,7.251,50.6,55,-5,22.3,24,83,144,6.1,1.55,261,21,7.1
1041,1120,7.373,42.8,50,0,24.9,26,84,142,4.5,1.28,215,22,7.5
1042,1121,7.369,46.3,46,1,26.7,28,80,145,5.2,1.51,261,26,8.8
1043,1122,7.341,45.7,55,-1,24.7,26,86,145,5.2,1.56,237,25,8.5
1044,1123,7.467,32.7,52,0,23.7,25,89,146,4,1.52,241,19,6.5
1045,1124,7.462,38,50,3,27.2,28,87,144,4.8,1.45,224,20,6.8
1046,1125,7.468,26.3,62,-5,19,20,93,144,4.8,1.46,290,25,8.5
1047,1126,7.345,46.1,48,-1,25.2,27,81,146,4.8,1.48,263,27,9.2
1048,1127,7.257,44.4,73,-7,19.8,21,92,149,6.5,1.43,243,10,6.1
1049,1128,7.458,36.9,43,2,26.1,27,81,146,4,1.51,248,26,8.8
1050,1129,7.52,29.4,58,1,24,25,93,142,6,1.34,254,15,
1051,1130,7.249,67.4,37,2,29.5,32,60,146,5.7,1.54,233,27,9.2
1052,1131,7.343,58.7,43,6,31.9,34,74,149,4.8,1.67,245,25,8.5
1053,1132,7.351,46.3,47,0,25.6,27,80,145,6.1,1.39,232,15,
1054,1133,7.229,55,42,-5,23,25,68,144,5.6,1.66,270,26,8.8
1055,1134,7.292,47.3,41,-4,22.9,24,70,142,5.8,1.48,229,21,7.1
1056,1135,7.368,53.4,39,5,30.8,32,70,144,4.7,1.5,261,24,8.2
1057,1136,7.329,35.1,60,-7,18.5,20,89,148,6.3,1.45,244,21,7.1
1058,1137,7.352,46.6,44,0,25.8,27,77,141,5.7,1.37,248,25,8.5
1059,1138,7.481,44.1,41,9,32.9,34,79,142,5.6,1.45,234,21,7.1
1060,1139,7.396,46.9,52,4,28.8,30,86,145,4.6,1.48,237,22,7.5
1061,1140,7.429,29,48,-5,19.2,20,85,142,4.8,1.44,226,21,7.1
1062,1141,7.41,40.4,45,1,25.6,27,82,149,4.1,1.48,224,20,6.8
1063,1142,7.35,37.2,50,-5,20.6,22,83,147,5.8,1.51,247,22,7.5
1064,1143,7.279,56.4,33,0,26.4,28,55,146,5.6,1.48,218,23,7.8
1065,1144,7.361,43,51,-1,24.3,26,84,143,5.3,1.35,244,21,7.1
1066,1145,7.479,36.3,56,3,27,28,91,144,5.9,1.46,249,23,7.8
1067,1146,7.163,54.2,38,-9,19.5,21,57,146,4.8,1.43,227,21,7.1
1068,1147,7.649,25.4,84,7,27.9,29,98,145,4.9,1.28,210,15,
1069,1148,7.419,37.6,51,0,24.3,25,86,143,4.9,1.36,226,20,6.8
1070,1149,7.335,41.6,62,-4,22.2,23,90,147,5.9,1.43,246,24,8.2
1071,1150,7.429,37.9,43,1,25.1,26,80,145,5,1.46,217,22,7.5
1072,1151,7.395,46.7,46,4,28.6,30,81,143,5.7,1.6,251,26,8.8
1073,1152,7.381,44.8,50,2,26.6,28,84,145,5.2,1.47,225,22,7.5
1074,1153,7.424,38.7,51,1,25.4,27,87,144,4.7,1.51,248,19,6.5
1075,1154,7.326,40.6,34,-5,21.2,22,62,143,5.7,1.47,292,25,8.5
1076,1155,7.292,46,43,-4,22.2,24,73,146,6.1,1.53,231,24,8.2
1077,1156,7.418,36,38,-1,23.3,24,73,146,4.1,1.47,257,27,9.2
1078,1157,7.415,31.1,72,-5,20,21,95,146,6.1,1.48,219,15,
1079,1158,7.288,48.5,38,-3,23.2,25,64,144,6.9,1.58,231,22,7.5
1080,1159,7.378,52.3,40,6,30.8,32,73,145,5.7,1.57,240,21,7.1
1081,1160,7.33,33.9,63,-8,17.9,19,90,146,5.9,1.26,195,17,5.8
1082,1161,7.344,38,54,-5,20.7,22,86,144,6.9,1.17,208,16,5.4
1083,1162,7.408,30.5,59,-5,19.2,20,91,146,6.2,1.36,248,15,
1084,1163,7.289,42.1,41,-6,20.2,21,71,147,4.5,1.4,241,27,9.2
1085,1164,7.441,37.7,46,2,25.7,27,84,147,4,1.53,238,26,8.8
1086,1165,7.128,61.2,17,-9,20.3,22,15,148,4.9,1.53,284,27,9.2
1087,1166,7.303,49.7,46,-2,24.6,26,77,145,5.1,1.4,219,21,7.1
1088,1167,7.359,43.5,33,-1,24.5,26,61,144,5,1.43,220,20,6.8
1089,1168,7.504,37.7,48,7,29.7,31,87,143,5.2,1.52,256,20,6.8
1090,1169,7.337,49.4,39,1,26.5,28,69,147,4.2,1.5,257,25,8.5
1091,1170,7.206,77.4,18,3,30.7,33,18,148,4.8,1.61,238,34,11.6
1092,1171,7.35,40.2,43,-3,22.2,23,76,148,4.6,1.52,253,22,7.5
1093,1172,7.395,40.9,49,0,25,26,84,147,4.5,1.54,251,22,7.5
1094,1173,7.263,43.9,55,-7,19.9,21,84,147,5,1.54,248,27,9.2
1095,1174,7.465,38.2,53,4,27.5,29,89,144,6.7,1.29,221,15,
1096,1175,7.215,52.2,45,-7,21.1,23,71,145,6.4,1.5,268,24,8.2
1097,1176,7.373,45,48,1,26.2,28,82,143,5.6,1.6,233,18,6.1
1098,1177,7.31,39.9,51,-6,20.1,21,83,145,5.6,1.48,255,20,6.8
1099,1178,7.316,48.4,33,-1,24.7,26,58,143,5.8,1.4,237,21,7.1
1100,1179,7.443,32.1,50,-2,22,23,87,144,5.3,1.3,209,20,6.8
1101,1180,7.321,49.3,52,-1,25.5,27,83,142,5.8,1.47,261,22,7.5
1102,1181,7.366,36.5,72,-4,20.9,22,94,143,5.4,1.36,226,18,6.1
1103,1182,7.334,37.4,73,-6,19.9,21,94,147,6.5,1.48,257,18,6.1
1104,1183,7.133,56.3,59,-10,18.9,21,81,139,6.7,1.46,241,18,6.1
1105,1184,7.304,38.5,55,-7,19.1,20,85,148,5,1.4,263,15,
1106,1185,7.431,35.6,61,-1,23.7,25,92,152,6.6,1.32,252,15,
1107,1186,7.436,39.3,50,2,26.4,28,86,142,6,1.46,242,19,6.5
1108,1187,7.346,44.1,77,-2,24.1,25,94,145,6.5,1.36,249,17,5.8
1109,1188,7.286,43.5,0,-6,20.8,22,0,146,6.1,1.47,247,23,7.8
1110,1189,7.398,42.8,46,2,26.4,28,82,144,5.9,1.48,251,25,8.5
1111,1190,7.379,33.6,45,-5,19.8,21,81,145,5.6,1.5,250,19,6.5
1112,1191,7.229,59.9,30,-3,25,27,45,149,4.5,1.49,207,16,5.4
1113,1192,7.445,40.3,46,4,27.6,29,83,145,4.7,1.49,240,21,7.1
1114,1193,7.546,28.5,103,2,24.7,26,99,147,6.5,1.26,267,15,
1115,1194,7.269,43,54,-7,19.7,21,83,144,6.1,1.5,223,20,6.8
1116,1195,7.374,48.5,36,3,28.3,30,67,145,3.8,,217,19,6.5
1117,1196,7.431,39.3,47,2,26.2,27,84,144,5.4,1.4,226,22,7.5
1118,1197,7.437,42.4,48,4,28.6,30,85,146,5.7,1.52,239,21,7.1
1119,1198,7.42,42.1,47,3,27.3,29,83,142,5.4,1.45,304,17,5.8
1120,1199,7.25,51.9,46,-4,22.8,24,74,145,5.4,1.49,245,28,9.5
1121,1200,7.342,54.6,47,4,29.6,31,79,145,4.9,1.44,231,24,8.2
1122,1201,7.309,52.5,44,0,26.3,28,74,147,5.6,1.54,217,28,9.5
1123,1202,7.298,48.9,47,-2,24,25,78,146,5.3,1.53,212,21,7.1
1124,1203,7.572,30.3,113,6,27.9,29,99,144,5.8,1.44,222,15,
1125,1204,7362,44.8,40,0,25.4,27,72,144,4.7,1.36,227,26,8.8
1126,1205,7.444,35,42,0,24,25,80,147,4.7,1.41,221,25,8.5
1127,1206,7.334,43.8,54,-3,23.3,25,85,144,3.9,1.55,243,27,9.2
1128,1207,7.131,50.2,64,-12,16.7,18,84,142,7.7,1.38,233,25,8.5
1129,1208,7.337,46.8,44,-1,25.1,26,76,145,3.9,1.54,318,21,7.1
1130,1209,7.295,43.9,45,-5,21.4,23,76,144,4.7,1.46,241,22,7.5
1131,1210,7.253,31.9,57,-13,14.1,15,85,146,5.7,1.28,193,22,7.5
1132,1211,7.405,40.7,45,1,25.5,27,81,144,4.1,1.55,231,26,8.8
1133,1212,7.276,43.8,56,-6,20.4,22,84,148,5.2,1.54,286,19,6.5
1134,1213,7.397,33.4,78,-4,20.5,22,95,146,6.6,1.38,221,15,
1135,1214,7.107,62.7,34,-10,19.8,22,45,145,5.4,1.42,223,24,8.2
1136,1215,7.437,35.6,49,0,24,25,86,146,4.1,1.41,228,22,7.5
1137,1216,7.409,34.4,53,-3,21.7,23,88,146,4.6,1.34,221,20,6.8
1138,1217,7.381,43.2,47,0,25.6,27,81,144,5,1.58,314,24,8.2
1139,1218,7.403,38.4,46,-1,24,25,82,144,5.5,1.54,235,22,7.5
1140,1219,7.394,39.3,36,-1,24,25,68,145,4.1,1.39,219,24,8.2
1141,1220,7.38,43.7,51,1,25.8,27,85,145,5.2,1.48,228,24,8.2
1142,1221,7.362,43.6,50,-1,24.7,26,83,145,5,1.48,217,22,7.5
1143,1222,7.351,45.3,39,-1,25,26,71,145,4.6,1.52,251,28,9.5
1144,1223,7.195,60,78,-5,23.2,25,91,149,5.8,1.6,252,27,9.2
1145,1224,7.497,36.4,41,5,28.2,29,80,145,5.2,1.5,228,19,6.5
1146,1225,7.247,59.9,42,-1,26.1,28,68,148,5.1,1.39,235,24,8.2
1147,1226,7.308,48.7,43,4,29.2,31,77,142,4.9,1.42,267,22,7.5
1148,1227,7.461,34.5,51,1,24.6,26,88,149,4.9,1.46,248,21,7.1
1149,1228,7.377,38.3,48,-3,22.5,24,83,145,5.2,1.36,231,19,6.5
1150,1229,7.425,33.9,57,-2,22.2,23,90,145,4.9,1.35,299,18,6.1
1151,1230,7.407,39.8,34,0,25,26,65,146,4.2,1.43,224,23,7.8
1152,1231,7.362,40,51,-3,22.7,24,84,144,4.9,1.57,237,23,7.8
1153,1232,7.213,36.2,62,-13,14.6,16,87,144,5.7,1.41,300,18,6.1
1154,1233,7.311,48.2,50,-2,24.3,26,81,144,5.6,1.51,236,26,8.8
1155,1234,7.345,45.7,40,-1,25,26,72,146,5.5,1.38,226,25,8.5
1156,1235,7.404,40.4,46,1,25.3,26,82,143,5.2,1.39,272,23,7.8
1157,1236,7.292,52.2,44,-1,25.2,27,74,143,6.2,1.49,230,22,7.5
1158,1237,7.379,46.8,40,2,27.6,29,73,144,4.3,1.49,243,23,7.8
1159,1238,7.389,42.9,44,1,25.9,27,79,144,5.1,1.48,228,21,7.1
1160,1239,7.392,36.6,55,-3,22.3,23,88,145,5.8,1.44,242,20,6.8
1161,1240,7.412,42.7,45,3,27.2,28,81,146,5.4,1.62,223,24,8.2
1162,1241,7.475,34,57,1,25,26,91,145,5.3,1.42,235,15,
1163,1242,7.38,47.5,48,3,28.1,30,82,144,4.8,1.56,230,21,7.1
1164,1243,7.35,43.8,47,-1,24.2,26,81,144,6.2,1.5,244,24,8.2
1165,1244,7.208,49.6,42,-8,19.7,21,67,150,5.9,1.52,237,20,6.8
1166,1245,7.27,37.2,71,-10,17.1,18,92,144,7,1.42,228,15,
1167,1246,7.465,40.7,48,5,29.2,30,86,144,4.3,1.47,262,24,8.2
1168,1247,7.24,43.5,47,-9,18.6,20,75,146,6.7,1.37,264,22,7.5
1169,1248,7.227,57.7,42,-4,24,26,26,145,6.7,1.55,241,20,6.8
1170,1249,7.297,48.3,54,-3,23.6,25,84,144,5.8,1.54,261,22,7.5
1171,1250,7.306,67,48,7,33.5,35,77,145,4.7,1.55,227,33,11.2
1172,1251,7.36,38.4,49,-4,21.7,23,83,146,4.3,1.53,237,23,7.8
1173,1252,7.394,41.2,41,0,25.1,26,76,143,5.2,1.54,247,25,8.5
1174,1253,7.203,53,49,-7,20.9,22,74,147,5.2,1.48,232,21,7.1
1175,1254,7.225,38,69,-12,15.7,17,90,145,5.9,1.33,217,22,7.5
1176,1255,7.219,56.6,47,-5,24.1,25,73,145,6.1,1.5,227,22,7.5
1177,1256,7.393,38.7,56,-1,23.6,25,89,145,4.6,1.54,273,20,6.8
1178,1257,7.205,47.6,41,-9,18.8,20,65,143,4.9,1.45,237,19,6.5
1179,1258,7.509,30.5,72,1,24.3,25,96,143,4.9,1.46,257,15,
1180,1259,7.212,47.5,58,-9,19.1,20,83,146,6.8,1.36,316,15,
1181,1260,7.297,55.6,33,1,27.2,29,56,139,6.2,1.33,224,23,7.8
1182,1261,7.25,38.6,58,-10,16.9,18,85,145,8.3,1.33,220,17,5.8
1183,1262,7.225,29.3,50,-15,12.1,13,79,145,4.9,1.42,300,23,7.8
1184,1263,7.221,57,46,-4,23.4,25,72,146,6.6,1.49,224,24,8.2
1185,1264,7.379,40.3,45,-1,23.7,25,79,147,4.9,1.41,230,25,8.5
1186,1265,7.445,36.3,46,1,24.9,26,84,142,4.9,1.47,223,20,6.8
1187,1266,7.357,41.7,35,-2,23.4,25,65,143,4.7,1.48,227,19,6.5
1188,1267,7.328,39.1,53,-5,20.5,22,84,141,5.3,1.39,226,19,6.5
1189,1268,7.65,25.7,61,8,28.3,29,96,145,4.5,1.38,253,15,
1190,1269,7.137,59.2,45,-9,20,22,66,141,6.2,1.47,252,21,7.1
1191,1270,7.406,31.8,52,-5,20,21,87,146,4.1,1.51,271,22,7.5
1192,1271,7.382,40.1,44,-1,23.8,25,79,144,3.1,1.42,239,31,10.5
1193,1272,7.236,49.6,46,-6,21,23,73,147,4.7,1.49,232,25,8.5
1194,1273,7.187,59.4,20,-6,22.5,24,21,148,3.6,1.57,219,30,10.2
1195,1274,7.444,40.3,46,4,27.6,29,84,148,4.2,1.39,233,26,8.8
1196,1275,7.363,51.6,46,4,29.4,31,79,148,4.7,1.5,235,23,7.8
1197,1276,7.337,54.6,31,3,29.3,31,54,145,4.7,1.54,239,21,7.1
1198,1277,7.361,43.8,51,-1,24.8,26,84,145,4,1.39,229,22,7.5
1199,1278,7.464,34,47,1,24.4,25,85,143,4.8,1.5,222,20,6.8
1200,1279,7.267,36,50,-11,16.4,18,80,143,6.2,1.5,283,20,6.8
1201,1280,7.389,41.5,42,0,25.1,26,77,146,5.9,1.33,207,16,5.4
1202,1281,7.377,48.2,47,3,28.3,30,81,143,5.8,1.46,2,20,6.8
1203,1282,7.345,50.5,40,2,27.6,29,71,142,4.8,1.45,235,20,6.8
1204,1283,7.478,39.3,49,6,29.1,30,87,143,4.4,1.55,240,18,6.1
1205,1284,7.335,52.4,64,2,27.9,30,90,145,6.7,1.39,239,15,
1206,1285,7.221,58.7,54,-4,24.1,26,80,146,5.2,1.56,262,23,7.8
1207,1286,7.483,27.4,71,-3,20.5,21,96,148,6.3,1.38,230,15,
1208,1287,7.408,29,77,-6,18.3,19,96,145,6.4,1.37,274,15,
1209,1288,7.364,41.6,55,-2,23.7,25,87,147,6.2,1.43,233,15,
1210,1289,7.376,45.8,47,2,26.8,28,81,144,5.4,1.53,224,22,7.5
1211,1290,6.89,123.9,44,-9,23.7,27,45,140,9,1.58,276,23,7.8
1212,1291,7.314,39,54,-6,19.8,21,85,143,5.2,1.45,253,20,6.8
1213,1292,7.359,44.4,51,0,25,26,84,143,4.7,1.45,227,18,6.1
1214,1293,7.364,41,87,-2,23.4,25,96,143,7.1,1.27,250,15,
1215,1294,7.46,42.3,50,6,30.1,31,87,144,6.3,1.39,244,15,
1216,1295,7.337,42.9,61,-3,23,24,90,143,5.3,1.49,226,17,5.8
1217,1296,7.355,58.4,41,7,32.6,34,72,145,6,1.49,236,24,8.2
1218,1297,7.404,40.3,46,1,25.3,26,82,145,1.5,1.48,270,29,9.9
1219,1298,7.393,39.3,39,-1,23.9,25,73,149,1.5,1.44,266,27,9.2
1220,1299,7.389,38.7,40,-2,23.4,25,75,151,2.4,1.54,296,29,9.9
1221,1300,7.371,43.3,36,0,25.1,26,66,149,2.1,1.53,282,30,10.2
1222,1301,7.393,40.5,36,0,24.7,26,69,149,1.5,1.49,306,36,12
1223,1302,7.378,44,45,1,25.9,27,80,149,2.7,1.61,277,31,10.5
1224,1303,7.241,45.5,53,-8,19.5,21,81,153,4.9,1.48,236,29,9.9
1225,1304,7.353,41,36,-3,22.8,24,65,153,5.6,1.4,233,28,9.5
1226,1305,7.539,31.8,39,5,27.1,28,81,145,4.9,1.69,228,27,9.2
1227,1306,7.459,30.3,44,-2,21.5,22,83,146,5,1.43,239,25,8.5
1228,1307,7.47,27.9,46,-3,20.3,21,85,147,5.2,1.31,234,26,8.8
1229,1308,7.379,39.3,45,-2,23.2,24,80,150,5,1.35,236,28,9.5
1230,1309,7.365,43.9,40,0,25.1,26,73,149,4.5,1.3,234,26,8.8
1231,1310,7.283,37.3,45,-9,17.7,19,75,151,5.9,1.36,238,28,9.5
1232,1311,7.516,25.4,47,-2,20.5,21,88,148,4.8,1.35,261,26,8.8
1233,1312,7.427,37.5,36,0,24.7,26,71,146,5.2,1.51,235,26,8.8
1234,1313,7.466,27.8,43,-4,20.1,21,83,144,5.3,1.4,245,27,9.2
1235,1314,7.44,31.1,45,-3,21.1,22,83,149,5,1.41,263,25,8.5
1236,1315,7.514,27.8,43,-1,22.4,23,85,148,4.9,1.49,247,24,8.2
1237,1316,7.377,39.1,48,-2,23,24,83,148,4.4,1.31,241,27,9.2
1238,1317,7.446,35.6,42,0,24.5,26,80,146,4.8,1.44,234,26,8.8
1239,1318,7.513,23,46,-5,18.5,19,87,165,4.5,1.21,222,30,10.2
1240,1319,7.522,24.3,34,-3,20,21,75,152,3.8,1.16,218,26,8.8
1241,1320,7.489,28.1,36,-2,21.4,22,76,165,3.9,1.22,208,28,9.5
1242,1321,7.422,39.3,55,1,25.6,27,89,145,4.4,1.53,241,30,10.2
1243,1322,7.451,42.8,45,6,29.8,31,83,144,4.7,1.17,244,33,11.2
1244,1323,7.46,36.6,61,2,26,27,93,147,4.3,1.89,244,25,8.5
1245,1324,7.341,50.4,49,1,27.2,29,81,152,5.5,1.73,224,25,8.5
1246,1325,7.413,45.3,50,4,28.9,30,85,145,4.3,1.61,249,27,9.2
1247,1326,7.285,30.4,49,-12,14.4,15,81,151,4.5,1.37,224,20,6.8
1248,1327,7.493,33.1,40,2,25.4,26,80,149,5,1.42,240,28,9.5
1249,1328,7.462,26.6,45,-5,19,20,85,180,,1.47,145,,
1250,1329,7.6,23.9,40,2,23.5,24,85,148,4.7,1.04,173,27,9.2
1251,1330,7.516,25.4,42,-2,20.5,21,84,156,3.9,1.54,232,32,10.9
1252,1331,7.585,25.7,45,3,24.3,25,88,143,5,1.31,240,26,8.8
1253,1332,7.568,29,40,4,26.4,27,84,152,4.2,1.5,207,24,8.2
1254,1333,7.574,23.8,43,0,22.1,23,86,136,6.8,1.03,227,33,11.2
1255,1334,7.611,33.8,41,13,34.1,35,85,148,4.2,1.48,244,26,8.8
1256,1335,7.44,33.4,44,-1,22.7,24,82,150,5.1,1.49,225,28,9.5
1257,1336,7.5,32.3,44,2,25.2,26,85,148,4.4,1.38,216,25,8.5
1258,1337,7.456,38.4,45,3,27.1,28,83,149,4.8,1.45,236,27,9.2
1259,1338,7.471,30.7,47,-1,22.4,23,86,148,5,1.13,246,24,8.2
1260,1339,7.411,43.6,40,3,27.7,29,76,157,5.4,1.48,238,27,9.2
1261,1340,7.53,28.6,42,1,23.9,25,84,145,4.2,1.56,220,25,8.5
1262,1341,7.566,31,38,6,28.1,29,81,150,4.5,1.32,235,30,10.2
1263,1342,7.496,34.9,46,4,26.9,28,86,148,4.2,1.36,212,28,9.5
1264,1343,7.485,36.2,48,4,27.3,28,87,153,4.2,1.48,213,26,8.8
1265,1344,7.45,34.3,44,0,23.8,25,82,150,4.7,1.3,233,25,8.5
1266,1345,7.478,38.2,46,5,28.3,29,85,146,4.8,1.63,228,26,8.8
1267,1346,7.351,47.4,48,1,26.2,28,81,146,5.1,1.48,233,24,8.2
1268,1347,7.448,44,41,6,30.4,32,77,154,4.6,2.17,234,25,8.5
1269,1348,7.418,38.9,45,1,25.1,26,81,149,5,1.37,220,26,8.8
1270,1349,7.483,37,44,4,27.7,29,83,149,4.6,1.7,209,22,7.5
1271,1350,7.464,41,47,6,29.5,31,85,144,4.8,1.59,221,22,7.5
1272,1351,7.539,31.4,38,4,26.8,28,80,146,4,1.01,244,26,8.8
1273,1352,7.598,27.2,49,5,26.5,27,91,144,3.7,0.7,105,24,8.2
1274,1353,7.447,28.8,36,-4,19.9,21,72,140,5.8,1.11,218,35,11.9
1275,1354,7.671,20.7,40,4,24,25,88,156,5.2,0.99,204,27,9.2
1276,1355,7.539,18.4,39,-7,15.6,16,83,138,4.1,1.07,207,33,11.2
1277,1356,7.44,38.1,43,2,25.9,27,80,176,4.4,1.3,229,30,10.2
1278,1357,7.46,47.5,42,10,33.8,35,79,145,5,1.62,239,27,9.2
1279,1358,7.498,39.4,35,7,30.6,32,73,145,5,1.74,241,28,9.5
1280,1359,7.51,44.1,32,12,35.2,36,68,147,4.7,1.7,232,25,8.2
1281,1360,7.511,33.4,34,4,26.7,28,73,143,4.9,1.49,226,25,8.5
1282,1361,7.481,27.9,40,-3,20.8,22,79,141,4.6,1.06,197,27,9.2
1283,1362,7.615,23.2,45,2,23.5,24,89,138,4,1.11,124,24,8.2
1284,1363,7.435,31.5,29,-3,21.2,22,59,157,4.9,1.73,241,34,11.6
1285,1364,7.477,33.7,35,1,24.9,26,73,160,5.1,1.56,240,28,9.5
1286,1365,7.457,41.3,37,5,29.1,30,73,144,5.2,1.53,227,26,8.8
1287,1366,7.489,36.1,40,4,27.4,29,79,146,5.8,1.49,231,27,9.2
1288,1367,7.57,40.5,37,15,37.1,38,79,146,4.6,1.6,229,28,9.5
1289,1368,7.502,37.9,43,7,29.7,31,83,144,4.9,1.55,231,30,10.2
1290,1369,7.305,20,48,-16,10,11,81,179,5.5,1.4,260,33,11.2
1291,1370,7.516,31.9,36,8,25.8,27,76,152,4.3,1.27,200,31,10.5
1292,1371,7.534,35.7,44,7,30.1,31,85,162,4.8,1.63,243,33,11.2
1293,1372,7.593,34.6,52,12,33.5,34,92,159,4.7,1.93,211,28,9.5
1294,1373,7.589,27,38,4,25.9,27,82,173,4.2,1.33,216,28,9.5
1295,1374,7.394,41.5,43,0,25.4,27,78,147,4.8,1.46,242,27,9.2
1296,1375,7.388,43.7,51,1,26.3,28,85,148,5.5,1.43,231,25,8.5
1297,1376,7.453,35.2,48,1,24.7,26,86,146,4.7,1.31,228,27,9.2
1298,1377,7.311,49.2,48,-1,24.8,26,79,146,5.1,1.47,244,24,8.2
1299,1378,7.443,38.9,43,2,26.6,28,80,144,4.8,1.58,220,28,9.5
1300,1379,7.266,42.5,48,-8,19.3,21,77,147,4.6,0.82,99,24,8.2
1301,1380,7.511,31.6,42,2,25.2,26,83,149,3.6,1.65,251,26,8.8
1302,1381,7.44,26.6,48,-6,18,19,86,165,4.5,1.35,208,34,11.6
1303,1382,7.47,28.4,41,-3,20.7,22,81,144,4.8,1.09,231,33,11.2
1304,1383,7.515,22.3,44,-5,18,19,85,138,5.3,1.03,219,29,9.9
1305,1384,7.511,27.1,41,-1,21.6,22,83,160,4,1.31,213,28,9.5
1306,1385,7.409,29.8,43,-6,18.8,20,80,151,5.1,1.26,239,33,11.2
1307,1386,7.479,33.9,44,2,25.2,26,84,157,4.6,1.16,183,31,10.5
1308,1387,7.378,39.7,53,-2,23.4,25,87,149,4.3,1.29,245,27,9.2
1309,1388,7.319,46,52,-2,23.6,25,83,151,4.6,1.36,221,31,10.5
1310,1389,7.251,45.3,50,-7,19.9,21,78,152,5,1.35,229,29,9.9
1311,1390,7.402,35.8,50,-2,22.3,23,85,142,4.9,1.5,225,31,10.5
1312,1391,7.405,34,44,-3,21.3,22,80,143,4.8,1.37,227,24,8.2
1313,1392,7.268,36.5,53,-10,16.7,18,82,154,4.4,1.34,196,28,9.5
1314,1393,7.493,22.5,49,-6,17.2,18,89,148,3.7,1.3,206,31,10.5
1315,1394,7.427,32.5,42,-3,21.4,22,79,147,4.4,1.29,225,28,9.5
1316,1395,7.411,35.3,57,-2,22.4,24,90,146,4.2,1.31,228,24,8.2
1317,1396,7.5,29.5,46,0,23,24,86,142,4.1,1.68,235,33,11.2
1318,1397,7.375,34.7,54,-5,20.3,21,87,153,4.6,1.44,245,26,8.8
1319,1398,7.643,26.7,42,8,28.9,,88,149,3.1,1.39,51,35,11.9
1320,1399,7.493,29.3,49,-1,22.5,23,88,147,4.6,1.19,205,32,10.9
1321,1400,7.313,27.8,49,-12,14.1,15,82,152,4.4,1.37,225,18,6.1
1322,1401,7.038,22.3,64,-25,6,7,81,148,8.9,1.62,308,29,9.9
1323,1402,7.293,55.9,38,1,27,29,64,147,5.6,1.77,236,31,10.5
1324,1403,7.468,34.9,41,2,25.2,26,80,145,4.5,1.36,232,25,8.5
1325,1404,7.411,33.9,46,3,21.5,23,82,146,5.1,1.45,256,23,7.8
1326,1405,7.364,44.8,39,0,25.6,27,72,149,5.2,1.33,213,28,9.5
1327,1406,7.429,37.1,49,0,24.6,26,86,148,5.2,1.61,223,25,8.5
1328,1407,7.545,30.5,33,4,26.4,27,72,149,3.8,1.24,202,29,9.9
1329,1408,7.554,31.4,40,6,27.9,29,83,144,4.4,1.46,268,21,7.1
1330,1409,7.362,31.6,56,-7,18,19,88,156,4.6,1.75,245,29,9.9
1331,1410,7.5,35,43,4,27.3,28,83,148,4.6,1.67,245,24,8.2
1332,1411,7.381,40.3,46,-1,23.9,25,81,146,5.2,1.59,242,32,10.9
1333,1412,7.441,33.2,44,-2,22.6,24,82,142,4.9,1.62,248,26,8.8
1334,1413,7.464,40.4,40,5,29,30,78,151,5.1,1.42,229,28,9.5
1335,1414,7.369,46.1,39,1,26.6,28,72,148,5.1,1.37,220,30,10.2
1336,1415,7.653,24.3,44,6,26.9,28,89,155,3.3,1.1,34,25,8.5
1337,1416,7.394,28.9,40,-7,17.6,18,76,157,4.3,1.21,238,30,10.2
1338,1417,7.424,32.6,51,-3,21.4,22,87,164,5,1.33,278,28,9.5
1339,1418,7.532,32.5,37,5,27.2,28,78,147,4.9,1.37,239,27,9.2
1340,1419,7.451,37.4,42,2,26,27,80,142,5.4,1.69,226,24,8.2
1341,1420,7.422,40.8,43,2,26.6,28,80,146,5,1.42,207,29,9.9
1342,1421,7.438,36,41,0,24.3,25,79,147,5,1.55,241,23,7.8
1343,1422,7.361,43.1,38,-1,24.4,26,70,142,5.7,1.45,225,28,9.5
1344,1423,7.466,22.3,41,-8,16,16,81,156,4.3,1.14,187,31,10.5
1345,1424,7.456,29.1,47,-3,20.5,21,85,157,4.6,1.18,195,30,10.2
1346,1425,7.353,33,40,-7,18.3,19,74,144,7.6,0.96,260,27,9.2
1347,1426,7.466,32.9,51,0,23.7,25,88,145,4.7,1.63,236,22,7.5
1348,1427,7.345,42.6,54,-2,23.2,25,86,149,5.3,1.46,225,25,8.5
1349,1428,7.389,39.1,47,-1,23.6,25,82,145,4.9,1.57,245,28,9.5
1350,1429,7.414,36.9,81,-1,23.6,25,96,146,4.7,1.56,233,25,8.5
1351,1430,7.449,33.4,50,-1,23.2,24,87,146,4.4,1.44,223,24,8.2
1352,1431,7.397,38.9,43,-1,23.9,25,79,152,5.2,1.42,227,28,9.5
1353,1432,7.458,33.1,50,0,23.5,24,87,148,5.8,1.4,221,29,9.9
1354,1433,7.383,38.6,59,-2,23,24,90,145,4.8,1.59,241,25,8.5
1355,1434,7.3,44.3,43,-5,21.8,23,74,147,5.1,1.58,256,29,9.9
1356,1435,7.405,39.2,47,0,24.6,26,82,146,4.8,1.56,245,27,9.2
1357,1436,7.521,25.8,43,-2,21.1,22,85,146,4.2,1.45,224,22,7.5
1358,1437,7.364,41.6,55,-2,23.7,25,87,149,5.3,1.54,227,27,9.2
1359,1438,7.439,38.3,57,2,26,27,90,145,5.1,1.6,222,22,7.5
1360,1439,7.561,29.7,56,4,26.7,28,93,142,4.9,1.28,222,22,7.5
1361,1440,7.337,44.7,61,-2,24,25,89,144,5.4,1.31,212,26,8.8
1362,1441,7.367,41.6,66,-1,23.8,25,92,146,4.6,1.53,222,24,8.2
1363,1442,7.382,44.2,52,1,26.3,28,85,145,5.6,1.52,219,22,7.5
1364,1443,7.388,35.5,53,-4,21.4,22,87,147,4.4,1.47,226,26,8.8
1365,1444,7.376,44,68,1,25.8,27,93,142,4.8,1.3,224,25,8.5
1366,1445,7.367,43,76,-1,24.7,26,95,144,5.2,1.43,220,27,9.2
1367,1446,7.35,41.3,54,-3,22.8,24,86,151,4.4,1.5,217,26,8.8
1368,1447,7.309,39.8,47,-6,20,21,79,151,5.7,1.31,256,25,8.5
1369,1448,7.425,30.1,48,-5,19.8,21,85,145,5,1.22,274,26,8.8
1370,1449,7.285,41.7,45,-7,19.8,21,76,152,5.7,1.18,301,25,8.5
1371,1450,7.282,25.9,59,-14,12.2,13,88,162,5.3,1.1,425,24,8.2
1372,1451,7.316,45.2,61,-3,23,24,89,147,6.7,0.96,300,28,9.5
1373,1452,7.295,44.4,49,-5,21.6,23,80,149,5.9,1.25,293,25,8.5
1374,1453,7.389,22,49,-12,13.3,14,85,175,5.5,1.22,231,23,7.8
1375,1454,7.423,36.9,45,0,24.1,25,82,153,4.5,1.27,259,24,8.2
1376,1455,7.422,32.2,46,-3,21,22,83,175,3.9,1.19,249,33,11.2
1377,1456,7.281,22,51,-16,10.3,11,82,158,6.7,1.27,404,28,9.5
1378,1457,7.357,35.7,55,-5,20,21,87,144,4.5,1.49,238,26,8.8
1379,1458,7.355,33,54,-7,18.4,19,87,149,4.6,1.1,232,26,8.8
1380,1459,7.4,35.5,42,-3,22,23,78,147,4.5,1.29,209,27,9.2
1381,1460,7.475,35.1,46,2,25.8,27,85,146,4.7,1.61,242,30,10.2
1382,1461,7.474,35.8,46,3,26.3,27,85,147,4.7,1.41,256,25,8.5
1383,1462,7.499,33.7,44,3,26.2,27,85,143,4.5,1.49,243,25,8.5
1384,1463,7.204,48.9,61,-9,19.3,21,85,150,4.6,1.55,250,28,9.5
1385,1464,7.329,37.5,55,-6,19.7,21,86,152,4.5,1.22,229,27,9.2
1386,1465,7.383,38.5,49,-2,22.9,24,84,148,4.4,1.24,280,26,8.8
1387,1466,7.417,37.9,54,0,24.4,26,89,145,4.7,1.5,237,28,9.5
1388,1467,7.301,41.6,65,-6,20.5,22,90,148,4.3,1.41,233,26,8.8
1389,1468,7.514,29.6,49,1,23.8,25,89,146,4.3,1.42,262,26,8.8
1390,1469,7.353,38.1,43,-4,21.2,22,76,157,4.9,4.25,228,38,12.9
1391,1470,7.41,15.6,39,-15,9.9,10,77,180,,1.46,219,,
1392,1471,7.407,41.1,40,1,25.8,27,75,148,4.9,1.59,249,27,9.2
1393,1472,7.396,41.8,46,1,25.6,27,82,149,4.8,1.73,235,24,8.2
1394,1473,7.378,39.6,47,-3,23.3,24,82,149,4.9,1.36,232,28,9.5
1395,1474,7.543,32.2,50,5,27.9,29,90,141,4.5,1.52,235,24,8.2
1396,1475,7.37,38.7,50,-3,22.4,24,84,147,4.9,1.4,232,30,10.2
1397,1476,7.36,42.8,44,-4,24.2,24,78,150,5.3,1.41,215,27,9.2
1398,1477,7.272,49.8,47,-4,23,24,77,150,5.2,1.6,216,29,9.9
1399,1478,7.392,38.1,45,-2,23.2,24,80,144,4.9,1.44,228,26,8.8
1400,1479,7.32,47.3,56,-2,24.4,26,86,147,4.7,1.7,252,25,8.5
1401,1480,7.406,27.7,46,-7,17.4,18,83,158,4.5,1.26,203,29,9.9
1402,1481,7.286,37.7,60,-9,17.9,19,88,155,4.6,1.4,243,27,9.2
1403,1482,7.272,44.6,51,-6,20.6,22,81,157,4.7,1.44,222,27,9.2
1404,1483,7.353,32,44,-8,17.8,19,78,160,3.7,1.4,233,27,9.2
1405,1484,7.198,39.9,58,-13,15.5,17,83,166,5.4,1.27,239,30,10.2
1406,1485,7.357,40.9,51,-3,23,24,84,146,6,1.32,234,26,8.8
1407,1486,7.239,55.3,45,-4,23.6,25,72,151,5.7,1.29,239,26,8.8
1408,1487,7.307,49.5,45,-2,24.2,26,76,149,4.8,1.33,244,29,9.9
1409,1488,7.387,45,43,2,27,28,77,147,5,1.6,241,25,8.5
1410,1489,7.401,43.8,34,2,27.2,28,66,147,5,1.28,231,25,8.5
1411,1490,7.387,42.9,42,1,25.8,27,76,147,4.9,1.37,240,25,8.5
1412,1491,7.371,38.4,45,-3,22.2,23,80,148,4.9,1.53,244,30,10.2
1413,1492,7.385,42.9,49,1,25.7,27,83,148,4.7,1.35,233,26,8.8
1414,1493,7.44,36.6,46,1,24.9,26,84,146,4.7,1.44,248,27,9.2
1415,1494,7.466,36.7,40,3,26.5,28,79,150,5.1,1.35,225,31,10.5
1416,1495,7.534,29.7,46,2,25.1,26,87,155,5,1.29,231,27,9.2
1417,1496,7.38,40.6,36,-1,24,25,68,153,4.6,1.38,217,28,9.5
1418,1497,7.481,30.8,48,0,23,24,87,153,4.3,1.34,265,24,8.2
1419,1498,7.416,37.5,44,0,24.3,25,81,152,5.4,1.2,245,31,10.5
1420,1499,7.461,31.7,40,-1,22.6,24,78,147,4.8,1.35,200,26,8.8
1421,1500,7.369,45.3,44,1,26.1,27,78,145,4.7,1.47,239,25,8.5
1422,1501,7.337,41.1,45,-4,22,23,78,147,5.2,1.46,230,22,7.5
1423,1502,7.353,39.2,47,-4,21.8,23,81,150,4.8,1.3,251,27,9.2
1424,1503,7.451,33.6,49,-1,23.4,24,87,151,4.2,1.49,235,29,9.9
1425,1504,7.468,37.2,43,3,26.9,28,82,144,4.2,1.46,223,26,8.8
1426,1505,7.43,37.8,43,1,25.1,26,80,149,5,1.56,222,20,6.8
1427,1506,7.564,29.1,39,4,26.3,27,82,148,4.5,1.32,227,28,9.5
1428,1507,7.533,28.1,40,1,23.6,24,82,147,4.7,1.47,214,25,8.5
1429,1508,7.445,40.8,45,4,28.1,29,83,147,4.6,1.42,222,28,9.5
1430,1509,7.482,29.8,52,-1,22.3,23,90,146,5.2,1.3,221,26,8.8
1431,1510,7.437,32.8,48,-2,22.1,23,86,147,4.8,1.48,232,27,9.2
1432,1511,7.476,34.2,46,2,25.2,26,85,151,5,1.48,208,23,7.8
1433,1512,7.414,34.9,48,-2,22.4,23,84,147,4.4,1.65,212,23,7.8
1434,1513,7.494,34.9,37,4,26.8,28,76,146,5.2,1.52,224,25,8.5
1435,1514,7.582,25.7,43,2,24.2,25,87,151,4.8,1.6,207,22,7.5
1436,1515,7.502,36.8,40,6,28.8,30,80,145,5,1.39,221,24,8.2
1437,1516,7.432,46.8,38,7,31.2,33,73,155,5.3,1.44,243,28,9.5
1438,1517,7.39,32.5,44,-5,19.7,21,80,157,4.4,1.38,223,25,8.5
1439,1518,7.311,33.5,46,-9,16.9,18,78,156,4,1.34,255,29,9.9
1440,1519,7.636,23.9,41,4,25.5,26,87,160,4.4,1.26,30,25,8.5
1441,1520,7.424,35.2,44,-1,23.1,24,81,148,4.2,1.3,238,24,8.2
1442,1521,7.494,34.3,43,3,26.4,27,83,147,4.6,1.5,231,25,8.5
1443,1522,7.475,35.1,46,2,25.8,27,85,146,4.7,1.61,242,30,10.2
1444,1523,7.474,33.8,41,1,24.8,26,80,146,5.2,1.43,231,25,8.5
1445,1524,7.55,28.2,43,2,24.7,26,86,149,4,1.49,243,24,8.2
1446,1525,7.303,26,51,-13,12.9,14,83,168,5.1,1.47,294,24,8.2
1447,1526,7.396,14,128,-16,8.6,9,99,176,8.1,1.33,273,24,8.2
1448,1527,7.577,25.4,47,2,23.7,24,89,155,4.2,1.24,49,27,9.2
1449,1528,7.477,21,40,-8,15.6,16,81,181,,1.47,226,,
1450,1529,7.349,32.2,44,-8,17.7,19,78,157,4.4,1.41,261,24,8.2
1451,1530,7.476,36,53,3,26.5,28,90,142,5.1,1.49,246,26,8.8
1452,1531,7.457,33.5,50,0,23.7,25,87,146,4.7,1.5,228,22,7.5
1453,1532,7.269,55.6,48,-1,25.5,27,76,152,5.2,1.35,301,30,10.2
1454,1533,7.503,31.9,46,2,25,26,86,144,4.5,1.57,229,23,7.8
1455,1534,7.35,42,49,-2,23.2,24,82,141,4.7,1.44,251,27,9.2
1456,1535,7.523,31.3,52,3,27,90,90,152,4.5,1.37,248,31,10.2
1457,1536,7.512,35.4,45,6,28.5,30,85,151,4.2,1.41,243,28,9.5
1458,1537,7.518,19.9,41,-7,16.2,17,84,169,4.2,1.45,283,28,9.5
1459,1538,7.381,28.9,50,-8,17.1,18,85,163,4.2,1.33,267,31,10.5
1460,1539,7.469,27.8,39,-4,20.2,21,78,157,4.1,1.44,229,24,8.2
1461,1540,7.426,33.5,45,-2,22,23,83,146,4.2,1.5,259,25,8.5
1462,1541,7.535,28.9,48,2,24.4,25,88,151,5.1,1.3,226,23,7.8
1463,1542,7.556,23.8,51,-1,21.1,22,91,145,4.5,1.23,242,20,6.8
1464,1543,7.418,40.7,41,2,26.3,28,77,153,5.4,1.44,243,23,7.8
1465,1544,7.288,36.3,43,-9,17.4,18,74,147,4.8,1.4,253,19,6.5
1466,1545,7.21,29.4,46,-16,11.7,13,73,147,6.9,1.34,246,19,6.5
1467,1546,7.368,45.2,47,1,26,27,81,151,4.9,1.42,216,27,9.2
1468,1547,7.418,53.8,39,10,34.7,36,73,149,4.9,1.75,212,26,8.8
1469,1548,7.287,64.2,43,4,30.7,33,71,153,5.5,1.56,239,28,9.5
1470,1549,7.211,76.9,41,3,30.9,33,63,157,5.5,1.55,220,27,9.2
1471,1550,7.415,31.6,42,-4,20.2,21,79,148,5,1.34,236,31,10.5
1472,1551,7.484,31.1,37,0,23.4,24,76,147,5.6,1.32,239,31,10.5
1473,1552,7.431,33.5,43,-2,22.2,23,80,160,4.8,1.46,236,33,11.2
1474,1553,7.457,41.5,37,5,29.3,31,74,158,5.4,1.77,234,37,12.6
1475,1554,7.48,35.7,39,3,26.6,28,78,144,4.8,1.42,222,30,10.2
1476,1555,7.424,40.3,54,2,26.4,28,88,158,5.3,1.43,233,34,11.6
1477,1556,7.499,31.2,61,1,24.3,25,93,145,5.5,1.51,238,26,8.8
1478,1557,7.597,23.3,41,1,22.7,23,86,155,4.3,1.57,223,27,9.2
1479,1558,7.453,27.4,33,-5,19.1,20,69,158,4.7,1.11,197,25,8.5
1480,1559,7.484,31.2,36,0,23.4,24,75,150,4.7,1.32,201,23,7.8
1481,1560,7.362,46.5,36,1,26.4,28,66,149,5.7,1.63,225,27,9.2
1482,1561,7.476,34.3,48,2,25.3,26,86,148,4.9,1.22,234,28,9.5
1483,1562,7.501,33.9,49,3,26.5,28,88,149,5.4,1.45,243,26,8.8
1484,1563,7.196,28.1,61,-17,10.9,12,85,156,7.5,1.16,150,22,7.5
1485,1564,7.387,25.2,47,-10,15.2,16,83,158,3.8,1.48,152,19,6.5
1486,1565,7.363,29,43,-9,16.5,17,78,174,3.8,1.56,238,29,9.9
1487,1566,7.352,30.1,36,-9,16.7,18,67,168,4.8,1.57,247,26,8.8
1488,1567,7.458,34.5,34,1,24.4,25,70,149,5.4,1.79,248,23,7.8
1489,1568,7.403,35.6,44,-3,22.2,23,80,145,5.1,1.3,250,28,9.5
1490,1569,7.494,29.3,41,-1,22.5,23,82,145,5.1,1.39,252,24,8.2
1491,1570,7.35,33.9,43,-7,18.7,20,77,152,5.2,1.58,236,23,7.8
1492,1571,7.402,29.4,40,-6,18.3,19,76,147,4.8,1.31,181,16,5.4
1493,1572,7.519,30.2,36,2,24.6,25,77,157,4.4,1.42,252,31,10.5
1494,1573,7.357,41.4,53,-2,23.2,24,86,148,5.4,1.23,197,21,7.1
1495,1574,7.499,30.2,41,0,23.5,24,82,145,5.4,1.36,229,25,8.5
1496,1575,7.544,28.8,42,2,24.9,26,85,147,4.4,1.1,231,21,7.1
1497,1576,7.519,28.5,45,0,23.2,24,86,148,4.9,1.41,273,26,8.8
1498,1577,7.383,41,45,-1,24.4,26,80,152,5.4,1.5,242,27,9.2
1499,1578,7.305,19,89,-17,9.4,10,96,173,7.7,1.32,133,28,9.5
1500,1579,7.316,21.7,63,-15,11.1,12,91,150,5.9,1.3,108,15,5.1
1501,1580,7.424,36.8,43,0,24.1,25,80,150,4.9,1.55,230,23,7.8
1502,1581,7.544,28.6,44,2,24.6,25,86,143,5,1.6,244,23,7.8
1503,1582,7.489,30,49,-1,22.8,24,88,144,4.9,1.52,236,21,7.1
1504,1583,7.28,49.5,37,-3,23.3,25,63,149,4.8,1.33,174,31,10.5
1505,1584,7.249,42.7,40,-9,18.6,20,67,153,5.3,1.4,206,31,10.5
1506,1585,7.387,36.6,41,-3,22,23,77,146,5.3,1.35,237,29,9.9
1507,1586,7.315,40.7,39,-5,20.8,22,69,146,5.9,1.47,238,26,8.8
1508,1587,7.505,28.6,43,-1,22.5,23,84,147,5.2,1.4,217,25,8.5
1509,1588,7.324,42.1,37,-4,21.9,23,66,146,5.6,1.16,230,25,8.5
1510,1589,7.264,43.6,54,-7,19.7,21,83,152,5.4,1.47,209,21,7.1
1511,1590,7.43,36,36,0,23.9,25,71,148,5.2,1.44,222,24,8.2
1512,1591,7.492,30.3,38,0,23.2,24,78,145,5.5,1.64,251,25,8.5
1513,1592,7.45,32.7,37,-1,22.8,24,75,145,5.3,1.61,242,23,7.8
1514,1593,7.395,33.7,45,-4,20.6,22,81,146,4.7,1.37,174,24,8.2
1515,1594,7.393,31.1,50,-6,18.9,20,85,161,3.7,1.2,229,23,7.8
1516,1595,7.552,29.4,41,4,25.8,27,84,173,3.7,1.39,227,25,8.5
1517,1596,7.51,27.6,46,-1,22,23,86,155,4.4,1.33,223,25,8.5
1518,1597,7.559,18.4,35,-6,16.4,17,78,178,4.2,1.48,289,28,9.5
1519,1598,7.246,80.7,47,8,35,37,73,151,6.7,1.74,278,27,9.2
1520,1599,7.25,75,97,6,33.5,36,96,150,5.5,1.49,263,32,10.9
1521,1600,7.259,76.5,76,7,34.2,37,92,149,4.7,1.71,251,31,10.5
1522,1601,7.288,70.4,74,7,33.7,36,92,148,4.6,1.68,248,29,9.9
1523,1602,7.305,75.2,90,11,37.4,40,95,150,5.7,1.66,285,32,10.9
1524,1603,7.245,83.6,57,9,36.2,39,82,149,5.6,1.57,265,33,11.2
1525,1604,7.247,83.7,57,9,35.5,39,82,151,5.7,1.57,223,32,10.9
1526,1605,7.221,85,78,7,34.9,37,91,151,5.9,1.77,260,30,10.2
1527,1606,7.296,67.2,50,6,32.7,35,79,149,5.3,1.55,241,29,9.9
1528,1607,7.28,77.8,39,10,36.6,39,63,150,7.1,1.6,262,32,10.9
1529,1608,7.369,70.8,39,16,40.8,43,68,146,5.7,1.76,257,32,10.9
1530,1609,7.283,71.9,78,7,34.1,36,93,152,6.4,1.65,261,30,10.2
1531,1610,7.387,58.5,,10,35.1,37,,147,6,1.63,266,18,6.1
1532,1611,7.309,70.4,53,9,35.3,37,82,152,6.3,1.73,284,35,11.9
1533,1612,7.294,70.5,83,8,34.2,36,94,148,6,1.64,272,27,9.2
1534,1613,7.367,62.3,74,10,35.8,38,94,147,5.6,1.54,236,27,9.2
1535,1614,7.343,63.6,56,9,34.6,36,86,149,5.8,1.65,255,31,10.5
1536,1615,7.293,74.2,59,9,35.9,38,85,152,5.5,1.61,262,31,10.5
1537,1616,7.258,79.2,64,8,35.4,38,87,155,5.1,1.73,255,27,9.2
1538,1617,7.263,77.8,64,8,35.1,37,87,154,5.1,1.65,258,33,11.2
1539,1618,7.27,76.7,67,8,35.3,38,89,154,5.3,1.59,247,31,10.5
1540,1619,7.725,19.7,85,6,25.7,26,99,144,4.4,1.28,279,23,7.8
1541,1620,7.681,24.3,83,8,28.7,29,98,143,4.7,1.31,290,24,8.2
1542,1621,7.716,21.2,72,8,27.2,28,98,141,5.2,1.23,283,25,8.5
1543,1622,7.768,22.1,66,13,32,33,98,143,4.6,1.19,274,24,8.2
1545,1623,7.715,20.9,66,7,26.8,27,97,141,4.8,1.3,278,25,8.5
1546,2058,7.499,43.1,44,10,33.6,35,83,145,5,1.41,272,26,8.8
1547,2059,7.471,36.7,37,3,26.7,28,74,144,4.8,1.24,261,29,9.9
1548,2060,7.405,45.8,34,4,28.7,30,66,144,5.2,1.3,258,27,9.2
1549,2061,7.455,40.5,,5,28.5,30,,144,5.2,1.27,263,29,9.9
1550,2062,7.457,39,37,4,27.5,29,74,143,5.5,1.17,263,31,10.5
1551,2063,7.429,39.5,135,2,26.1,27,99,147,4.1,1.3,267,20,6.8
1552,2064,7.292,47.1,72,-4,22.7,24,92,147,4.1,1.36,280,23,7.8
1553,2065,7.346,48.2,67,1,26.4,28,92,146,4.1,1.32,251,24,8.2
1554,2066,7.292,52.9,80,-1,25.5,27,94,146,4.4,1.4,262,22,7.5
1555,2067,7.484,36,117,4,27,28,99,144,4.3,1.22,254,18,6.1
1556,2068,7.354,48.4,71,1,27,28,93,146,5.3,1.41,284,25,8.5
1557,2069,7.285,56.5,,,26.8,29,,148,4.9,1.57,273,24,8.2
1558,2070,7.346,54.2,116,4,29.7,31,98,147,5,1.43,268,23,7.8
1559,2071,7.301,62.3,47,4,30.8,33,77,148,4.7,1.45,280,25,8.5
1560,2072,7.411,44.5,77,4,28.3,30,95,148,4.4,1.38,242,20,6.8
1561,2073,7.399,50,49,6,30.9,32,83,147,4.9,1.36,267,24,8.2
1562,2074,7.434,44.2,49,5,29.6,31,85,148,4.2,1.38,270,23,7.8
1563,2075,7.48,40.2,50,6,30,31,88,148,3.8,1.3,263,23,7.8
1564,2076,7.463,39.9,42,5,28.6,30,81,147,3.7,1.34,275,25,8.5
1565,2077,7.375,45,46,1,26.3,28,81,147,4.7,1.37,265,27,9.2
1566,2078,7.449,39.8,54,4,27.6,29,89,148,3.9,1.39,261,24,8.2
1567,2079,7.456,45.5,40,8,32,33,77,150,4.2,1.36,272,22,7.5
1568,2080,7.272,59.6,37,1,27.5,29,62,149,4.5,1.43,275,24,8.2
1569,2081,7.467,45.5,38,4,28.7,30,71,147,3.8,1.45,262,24,8.2
1570,2082,7.46,40.4,41,5,28.7,30,79,148,3.7,1.41,257,24,8.2
1571,2083,7.422,43.1,41,4,28.1,29,77,145,4.6,1.39,268,21,7.1
1572,2084,7.399,46.8,42,4,28.9,30,76,147,4.4,1.45,275,23,7.8
1573,2085,7.282,72.3,44,7,34.1,36,72,149,5.2,1.4,285,28,9.5
1574,2086,7.332,54.5,43,3,28.9,31,74,147,4.8,1.38,266,25,8.5
1575,2087,7.419,46.1,40,5,29.9,31,76,146,4.7,1.42,280,25,8.5
